A fact sheet with definitions and metadata for this dataset can be found at http://www.stateair.net/web/historical/1/3.html.,,,,,,,,,,
The U.S. Department of State Data Use Statement at http://www.stateair.net/web/historical/1/3.html applies to these and all data available from the Mission China air quality monitoring program.,,,,,,,,,,
,,,,,,,,,,
Site,Parameter,Date (LST),Year,Month,Day,Hour,Value,Unit,Duration,QC Name
Guangzhou,PM2.5,1/1/2016 0:00,2016,1,1,0,55,µg/m³,1 Hr,Valid
Guangzhou,PM2.5,1/1/2016 1:00,2016,1,1,1,58,µg/m³,1 Hr,Valid
Guangzhou,PM2.5,1/1/2016 2:00,2016,1,1,2,59,µg/m³,1 Hr,Valid
Guangzhou,PM2.5,1/1/2016 3:00,2016,1,1,3,58,µg/m³,1 Hr,Valid
Guangzhou,PM2.5,1/1/2016 4:00,2016,1,1,4,51,µg/m³,1 Hr,Valid
Guangzhou,PM2.5,1/1/2016 5:00,2016,1,1,5,51,µg/m³,1 Hr,Valid
Guangzhou,PM2.5,1/1/2016 6:00,2016,1,1,6,45,µg/m³,1 Hr,Valid
Guangzhou,PM2.5,1/1/2016 7:00,2016,1,1,7,49,µg/m³,1 Hr,Valid
Guangzhou,PM2.5,1/1/2016 8:00,2016,1,1,8,51,µg/m³,1 Hr,Valid
Guangzhou,PM2.5,1/1/2016 9:00,2016,1,1,9,55,µg/m³,1 Hr,Valid
Guangzhou,PM2.5,1/1/2016 10:00,2016,1,1,10,52,µg/m³,1 Hr,Valid
Guangzhou,PM2.5,1/1/2016 11:00,2016,1,1,11,51,µg/m³,1 Hr,Valid
Guangzhou,PM2.5,1/1/2016 12:00,2016,1,1,12,66,µg/m³,1 Hr,Valid
Guangzhou,PM2.5,1/1/2016 13:00,2016,1,1,13,61,µg/m³,1 Hr,Valid
Guangzhou,PM2.5,1/1/2016 14:00,2016,1,1,14,63,µg/m³,1 Hr,Valid
Guangzhou,PM2.5,1/1/2016 15:00,2016,1,1,15,65,µg/m³,1 Hr,Valid
Guangzhou,PM2.5,1/1/2016 16:00,2016,1,1,16,63,µg/m³,1 Hr,Valid
Guangzhou,PM2.5,1/1/2016 17:00,2016,1,1,17,58,µg/m³,1 Hr,Valid
Guangzhou,PM2.5,1/1/2016 18:00,2016,1,1,18,60,µg/m³,1 Hr,Valid
Guangzhou,PM2.5,1/1/2016 19:00,2016,1,1,19,67,µg/m³,1 Hr,Valid
Guangzhou,PM2.5,1/1/2016 20:00,2016,1,1,20,69,µg/m³,1 Hr,Valid
Guangzhou,PM2.5,1/1/2016 21:00,2016,1,1,21,76,µg/m³,1 Hr,Valid
Guangzhou,PM2.5,1/1/2016 22:00,2016,1,1,22,69,µg/m³,1 Hr,Valid
Guangzhou,PM2.5,1/1/2016 23:00,2016,1,1,23,78,µg/m³,1 Hr,Valid
Guangzhou,PM2.5,1/2/2016 0:00,2016,1,2,0,81,µg/m³,1 Hr,Valid
Guangzhou,PM2.5,1/2/2016 1:00,2016,1,2,1,90,µg/m³,1 Hr,Valid
Guangzhou,PM2.5,1/2/2016 2:00,2016,1,2,2,90,µg/m³,1 Hr,Valid
Guangzhou,PM2.5,1/2/2016 3:00,2016,1,2,3,78,µg/m³,1 Hr,Valid
Guangzhou,PM2.5,1/2/2016 4:00,2016,1,2,4,90,µg/m³,1 Hr,Valid
Guangzhou,PM2.5,1/2/2016 5:00,2016,1,2,5,80,µg/m³,1 Hr,Valid
Guangzhou,PM2.5,1/2/2016 6:00,2016,1,2,6,70,µg/m³,1 Hr,Valid
Guangzhou,PM2.5,1/2/2016 7:00,2016,1,2,7,72,µg/m³,1 Hr,Valid
Guangzhou,PM2.5,1/2/2016 8:00,2016,1,2,8,72,µg/m³,1 Hr,Valid
Guangzhou,PM2.5,1/2/2016 9:00,2016,1,2,9,71,µg/m³,1 Hr,Valid
Guangzhou,PM2.5,1/2/2016 10:00,2016,1,2,10,77,µg/m³,1 Hr,Valid
Guangzhou,PM2.5,1/2/2016 11:00,2016,1,2,11,68,µg/m³,1 Hr,Valid
Guangzhou,PM2.5,1/2/2016 12:00,2016,1,2,12,63,µg/m³,1 Hr,Valid
Guangzhou,PM2.5,1/2/2016 13:00,2016,1,2,13,57,µg/m³,1 Hr,Valid
Guangzhou,PM2.5,1/2/2016 14:00,2016,1,2,14,42,µg/m³,1 Hr,Valid
Guangzhou,PM2.5,1/2/2016 15:00,2016,1,2,15,34,µg/m³,1 Hr,Valid
Guangzhou,PM2.5,1/2/2016 16:00,2016,1,2,16,38,µg/m³,1 Hr,Valid
Guangzhou,PM2.5,1/2/2016 17:00,2016,1,2,17,44,µg/m³,1 Hr,Valid
Guangzhou,PM2.5,1/2/2016 18:00,2016,1,2,18,49,µg/m³,1 Hr,Valid
Guangzhou,PM2.5,1/2/2016 19:00,2016,1,2,19,67,µg/m³,1 Hr,Valid
Guangzhou,PM2.5,1/2/2016 20:00,2016,1,2,20,71,µg/m³,1 Hr,Valid
Guangzhou,PM2.5,1/2/2016 21:00,2016,1,2,21,75,µg/m³,1 Hr,Valid
Guangzhou,PM2.5,1/2/2016 22:00,2016,1,2,22,106,µg/m³,1 Hr,Valid
Guangzhou,PM2.5,1/2/2016 23:00,2016,1,2,23,117,µg/m³,1 Hr,Valid
Guangzhou,PM2.5,1/3/2016 0:00,2016,1,3,0,129,µg/m³,1 Hr,Valid
Guangzhou,PM2.5,1/3/2016 1:00,2016,1,3,1,127,µg/m³,1 Hr,Valid
Guangzhou,PM2.5,1/3/2016 2:00,2016,1,3,2,133,µg/m³,1 Hr,Valid
Guangzhou,PM2.5,1/3/2016 3:00,2016,1,3,3,140,µg/m³,1 Hr,Valid
Guangzhou,PM2.5,1/3/2016 4:00,2016,1,3,4,142,µg/m³,1 Hr,Valid
Guangzhou,PM2.5,1/3/2016 5:00,2016,1,3,5,136,µg/m³,1 Hr,Valid
Guangzhou,PM2.5,1/3/2016 6:00,2016,1,3,6,131,µg/m³,1 Hr,Valid
Guangzhou,PM2.5,1/3/2016 7:00,2016,1,3,7,129,µg/m³,1 Hr,Valid
Guangzhou,PM2.5,1/3/2016 8:00,2016,1,3,8,148,µg/m³,1 Hr,Valid
Guangzhou,PM2.5,1/3/2016 9:00,2016,1,3,9,153,µg/m³,1 Hr,Valid
Guangzhou,PM2.5,1/3/2016 10:00,2016,1,3,10,164,µg/m³,1 Hr,Valid
Guangzhou,PM2.5,1/3/2016 11:00,2016,1,3,11,121,µg/m³,1 Hr,Valid
Guangzhou,PM2.5,1/3/2016 12:00,2016,1,3,12,116,µg/m³,1 Hr,Valid
Guangzhou,PM2.5,1/3/2016 13:00,2016,1,3,13,112,µg/m³,1 Hr,Valid
Guangzhou,PM2.5,1/3/2016 14:00,2016,1,3,14,98,µg/m³,1 Hr,Valid
Guangzhou,PM2.5,1/3/2016 15:00,2016,1,3,15,91,µg/m³,1 Hr,Valid
Guangzhou,PM2.5,1/3/2016 16:00,2016,1,3,16,80,µg/m³,1 Hr,Valid
Guangzhou,PM2.5,1/3/2016 17:00,2016,1,3,17,79,µg/m³,1 Hr,Valid
Guangzhou,PM2.5,1/3/2016 18:00,2016,1,3,18,120,µg/m³,1 Hr,Valid
Guangzhou,PM2.5,1/3/2016 19:00,2016,1,3,19,141,µg/m³,1 Hr,Valid
Guangzhou,PM2.5,1/3/2016 20:00,2016,1,3,20,131,µg/m³,1 Hr,Valid
Guangzhou,PM2.5,1/3/2016 21:00,2016,1,3,21,124,µg/m³,1 Hr,Valid
Guangzhou,PM2.5,1/3/2016 22:00,2016,1,3,22,94,µg/m³,1 Hr,Valid
Guangzhou,PM2.5,1/3/2016 23:00,2016,1,3,23,87,µg/m³,1 Hr,Valid
Guangzhou,PM2.5,1/4/2016 0:00,2016,1,4,0,81,µg/m³,1 Hr,Valid
Guangzhou,PM2.5,1/4/2016 1:00,2016,1,4,1,88,µg/m³,1 Hr,Valid
Guangzhou,PM2.5,1/4/2016 2:00,2016,1,4,2,90,µg/m³,1 Hr,Valid
Guangzhou,PM2.5,1/4/2016 3:00,2016,1,4,3,92,µg/m³,1 Hr,Valid
Guangzhou,PM2.5,1/4/2016 4:00,2016,1,4,4,92,µg/m³,1 Hr,Valid
Guangzhou,PM2.5,1/4/2016 5:00,2016,1,4,5,96,µg/m³,1 Hr,Valid
Guangzhou,PM2.5,1/4/2016 6:00,2016,1,4,6,97,µg/m³,1 Hr,Valid
Guangzhou,PM2.5,1/4/2016 7:00,2016,1,4,7,89,µg/m³,1 Hr,Valid
Guangzhou,PM2.5,1/4/2016 8:00,2016,1,4,8,98,µg/m³,1 Hr,Valid
Guangzhou,PM2.5,1/4/2016 9:00,2016,1,4,9,89,µg/m³,1 Hr,Valid
Guangzhou,PM2.5,1/4/2016 10:00,2016,1,4,10,86,µg/m³,1 Hr,Valid
Guangzhou,PM2.5,1/4/2016 11:00,2016,1,4,11,80,µg/m³,1 Hr,Valid
Guangzhou,PM2.5,1/4/2016 12:00,2016,1,4,12,71,µg/m³,1 Hr,Valid
Guangzhou,PM2.5,1/4/2016 13:00,2016,1,4,13,75,µg/m³,1 Hr,Valid
Guangzhou,PM2.5,1/4/2016 14:00,2016,1,4,14,79,µg/m³,1 Hr,Valid
Guangzhou,PM2.5,1/4/2016 15:00,2016,1,4,15,72,µg/m³,1 Hr,Valid
Guangzhou,PM2.5,1/4/2016 16:00,2016,1,4,16,80,µg/m³,1 Hr,Valid
Guangzhou,PM2.5,1/4/2016 17:00,2016,1,4,17,87,µg/m³,1 Hr,Valid
Guangzhou,PM2.5,1/4/2016 18:00,2016,1,4,18,99,µg/m³,1 Hr,Valid
Guangzhou,PM2.5,1/4/2016 19:00,2016,1,4,19,103,µg/m³,1 Hr,Valid
Guangzhou,PM2.5,1/4/2016 20:00,2016,1,4,20,112,µg/m³,1 Hr,Valid
Guangzhou,PM2.5,1/4/2016 21:00,2016,1,4,21,125,µg/m³,1 Hr,Valid
Guangzhou,PM2.5,1/4/2016 22:00,2016,1,4,22,123,µg/m³,1 Hr,Valid
Guangzhou,PM2.5,1/4/2016 23:00,2016,1,4,23,119,µg/m³,1 Hr,Valid
Guangzhou,PM2.5,1/5/2016 0:00,2016,1,5,0,95,µg/m³,1 Hr,Valid
Guangzhou,PM2.5,1/5/2016 1:00,2016,1,5,1,78,µg/m³,1 Hr,Valid
Guangzhou,PM2.5,1/5/2016 2:00,2016,1,5,2,44,µg/m³,1 Hr,Valid
Guangzhou,PM2.5,1/5/2016 3:00,2016,1,5,3,42,µg/m³,1 Hr,Valid
Guangzhou,PM2.5,1/5/2016 4:00,2016,1,5,4,34,µg/m³,1 Hr,Valid
Guangzhou,PM2.5,1/5/2016 5:00,2016,1,5,5,49,µg/m³,1 Hr,Valid
Guangzhou,PM2.5,1/5/2016 6:00,2016,1,5,6,31,µg/m³,1 Hr,Valid
Guangzhou,PM2.5,1/5/2016 7:00,2016,1,5,7,18,µg/m³,1 Hr,Valid
Guangzhou,PM2.5,1/5/2016 8:00,2016,1,5,8,8,µg/m³,1 Hr,Valid
Guangzhou,PM2.5,1/5/2016 9:00,2016,1,5,9,9,µg/m³,1 Hr,Valid
Guangzhou,PM2.5,1/5/2016 10:00,2016,1,5,10,13,µg/m³,1 Hr,Valid
Guangzhou,PM2.5,1/5/2016 11:00,2016,1,5,11,9,µg/m³,1 Hr,Valid
Guangzhou,PM2.5,1/5/2016 12:00,2016,1,5,12,13,µg/m³,1 Hr,Valid
Guangzhou,PM2.5,1/5/2016 13:00,2016,1,5,13,11,µg/m³,1 Hr,Valid
Guangzhou,PM2.5,1/5/2016 14:00,2016,1,5,14,10,µg/m³,1 Hr,Valid
Guangzhou,PM2.5,1/5/2016 15:00,2016,1,5,15,12,µg/m³,1 Hr,Valid
Guangzhou,PM2.5,1/5/2016 16:00,2016,1,5,16,11,µg/m³,1 Hr,Valid
Guangzhou,PM2.5,1/5/2016 17:00,2016,1,5,17,11,µg/m³,1 Hr,Valid
Guangzhou,PM2.5,1/5/2016 18:00,2016,1,5,18,18,µg/m³,1 Hr,Valid
Guangzhou,PM2.5,1/5/2016 19:00,2016,1,5,19,25,µg/m³,1 Hr,Valid
Guangzhou,PM2.5,1/5/2016 20:00,2016,1,5,20,32,µg/m³,1 Hr,Valid
Guangzhou,PM2.5,1/5/2016 21:00,2016,1,5,21,29,µg/m³,1 Hr,Valid
Guangzhou,PM2.5,1/5/2016 22:00,2016,1,5,22,33,µg/m³,1 Hr,Valid
Guangzhou,PM2.5,1/5/2016 23:00,2016,1,5,23,31,µg/m³,1 Hr,Valid
Guangzhou,PM2.5,1/6/2016 0:00,2016,1,6,0,31,µg/m³,1 Hr,Valid
Guangzhou,PM2.5,1/6/2016 1:00,2016,1,6,1,27,µg/m³,1 Hr,Valid
Guangzhou,PM2.5,1/6/2016 2:00,2016,1,6,2,22,µg/m³,1 Hr,Valid
Guangzhou,PM2.5,1/6/2016 3:00,2016,1,6,3,10,µg/m³,1 Hr,Valid
Guangzhou,PM2.5,1/6/2016 4:00,2016,1,6,4,9,µg/m³,1 Hr,Valid
Guangzhou,PM2.5,1/6/2016 5:00,2016,1,6,5,9,µg/m³,1 Hr,Valid
Guangzhou,PM2.5,1/6/2016 6:00,2016,1,6,6,9,µg/m³,1 Hr,Valid
Guangzhou,PM2.5,1/6/2016 7:00,2016,1,6,7,10,µg/m³,1 Hr,Valid
Guangzhou,PM2.5,1/6/2016 8:00,2016,1,6,8,16,µg/m³,1 Hr,Valid
Guangzhou,PM2.5,1/6/2016 9:00,2016,1,6,9,21,µg/m³,1 Hr,Valid
Guangzhou,PM2.5,1/6/2016 10:00,2016,1,6,10,20,µg/m³,1 Hr,Valid
Guangzhou,PM2.5,1/6/2016 11:00,2016,1,6,11,32,µg/m³,1 Hr,Valid
Guangzhou,PM2.5,1/6/2016 12:00,2016,1,6,12,28,µg/m³,1 Hr,Valid
Guangzhou,PM2.5,1/6/2016 13:00,2016,1,6,13,23,µg/m³,1 Hr,Valid
Guangzhou,PM2.5,1/6/2016 14:00,2016,1,6,14,19,µg/m³,1 Hr,Valid
Guangzhou,PM2.5,1/6/2016 15:00,2016,1,6,15,22,µg/m³,1 Hr,Valid
Guangzhou,PM2.5,1/6/2016 16:00,2016,1,6,16,24,µg/m³,1 Hr,Valid
Guangzhou,PM2.5,1/6/2016 17:00,2016,1,6,17,19,µg/m³,1 Hr,Valid
Guangzhou,PM2.5,1/6/2016 18:00,2016,1,6,18,21,µg/m³,1 Hr,Valid
Guangzhou,PM2.5,1/6/2016 19:00,2016,1,6,19,18,µg/m³,1 Hr,Valid
Guangzhou,PM2.5,1/6/2016 20:00,2016,1,6,20,19,µg/m³,1 Hr,Valid
Guangzhou,PM2.5,1/6/2016 21:00,2016,1,6,21,15,µg/m³,1 Hr,Valid
Guangzhou,PM2.5,1/6/2016 22:00,2016,1,6,22,16,µg/m³,1 Hr,Valid
Guangzhou,PM2.5,1/6/2016 23:00,2016,1,6,23,14,µg/m³,1 Hr,Valid
Guangzhou,PM2.5,1/7/2016 0:00,2016,1,7,0,18,µg/m³,1 Hr,Valid
Guangzhou,PM2.5,1/7/2016 1:00,2016,1,7,1,19,µg/m³,1 Hr,Valid
Guangzhou,PM2.5,1/7/2016 2:00,2016,1,7,2,17,µg/m³,1 Hr,Valid
Guangzhou,PM2.5,1/7/2016 3:00,2016,1,7,3,24,µg/m³,1 Hr,Valid
Guangzhou,PM2.5,1/7/2016 4:00,2016,1,7,4,20,µg/m³,1 Hr,Valid
Guangzhou,PM2.5,1/7/2016 5:00,2016,1,7,5,25,µg/m³,1 Hr,Valid
Guangzhou,PM2.5,1/7/2016 6:00,2016,1,7,6,22,µg/m³,1 Hr,Valid
Guangzhou,PM2.5,1/7/2016 7:00,2016,1,7,7,20,µg/m³,1 Hr,Valid
Guangzhou,PM2.5,1/7/2016 8:00,2016,1,7,8,19,µg/m³,1 Hr,Valid
Guangzhou,PM2.5,1/7/2016 9:00,2016,1,7,9,23,µg/m³,1 Hr,Valid
Guangzhou,PM2.5,1/7/2016 10:00,2016,1,7,10,28,µg/m³,1 Hr,Valid
Guangzhou,PM2.5,1/7/2016 11:00,2016,1,7,11,25,µg/m³,1 Hr,Valid
Guangzhou,PM2.5,1/7/2016 12:00,2016,1,7,12,23,µg/m³,1 Hr,Valid
Guangzhou,PM2.5,1/7/2016 13:00,2016,1,7,13,27,µg/m³,1 Hr,Valid
Guangzhou,PM2.5,1/7/2016 14:00,2016,1,7,14,28,µg/m³,1 Hr,Valid
Guangzhou,PM2.5,1/7/2016 15:00,2016,1,7,15,27,µg/m³,1 Hr,Valid
Guangzhou,PM2.5,1/7/2016 16:00,2016,1,7,16,31,µg/m³,1 Hr,Valid
Guangzhou,PM2.5,1/7/2016 17:00,2016,1,7,17,32,µg/m³,1 Hr,Valid
Guangzhou,PM2.5,1/7/2016 18:00,2016,1,7,18,37,µg/m³,1 Hr,Valid
Guangzhou,PM2.5,1/7/2016 19:00,2016,1,7,19,37,µg/m³,1 Hr,Valid
Guangzhou,PM2.5,1/7/2016 20:00,2016,1,7,20,37,µg/m³,1 Hr,Valid
Guangzhou,PM2.5,1/7/2016 21:00,2016,1,7,21,37,µg/m³,1 Hr,Valid
Guangzhou,PM2.5,1/7/2016 22:00,2016,1,7,22,42,µg/m³,1 Hr,Valid
Guangzhou,PM2.5,1/7/2016 23:00,2016,1,7,23,49,µg/m³,1 Hr,Valid
Guangzhou,PM2.5,1/8/2016 0:00,2016,1,8,0,50,µg/m³,1 Hr,Valid
Guangzhou,PM2.5,1/8/2016 1:00,2016,1,8,1,38,µg/m³,1 Hr,Valid
Guangzhou,PM2.5,1/8/2016 2:00,2016,1,8,2,37,µg/m³,1 Hr,Valid
Guangzhou,PM2.5,1/8/2016 3:00,2016,1,8,3,39,µg/m³,1 Hr,Valid
Guangzhou,PM2.5,1/8/2016 4:00,2016,1,8,4,34,µg/m³,1 Hr,Valid
Guangzhou,PM2.5,1/8/2016 5:00,2016,1,8,5,22,µg/m³,1 Hr,Valid
Guangzhou,PM2.5,1/8/2016 6:00,2016,1,8,6,25,µg/m³,1 Hr,Valid
Guangzhou,PM2.5,1/8/2016 7:00,2016,1,8,7,26,µg/m³,1 Hr,Valid
Guangzhou,PM2.5,1/8/2016 8:00,2016,1,8,8,24,µg/m³,1 Hr,Valid
Guangzhou,PM2.5,1/8/2016 9:00,2016,1,8,9,30,µg/m³,1 Hr,Valid
Guangzhou,PM2.5,1/8/2016 10:00,2016,1,8,10,27,µg/m³,1 Hr,Valid
Guangzhou,PM2.5,1/8/2016 11:00,2016,1,8,11,32,µg/m³,1 Hr,Valid
Guangzhou,PM2.5,1/8/2016 12:00,2016,1,8,12,32,µg/m³,1 Hr,Valid
Guangzhou,PM2.5,1/8/2016 13:00,2016,1,8,13,36,µg/m³,1 Hr,Valid
Guangzhou,PM2.5,1/8/2016 14:00,2016,1,8,14,42,µg/m³,1 Hr,Valid
Guangzhou,PM2.5,1/8/2016 15:00,2016,1,8,15,40,µg/m³,1 Hr,Valid
Guangzhou,PM2.5,1/8/2016 16:00,2016,1,8,16,45,µg/m³,1 Hr,Valid
Guangzhou,PM2.5,1/8/2016 17:00,2016,1,8,17,39,µg/m³,1 Hr,Valid
Guangzhou,PM2.5,1/8/2016 18:00,2016,1,8,18,50,µg/m³,1 Hr,Valid
Guangzhou,PM2.5,1/8/2016 19:00,2016,1,8,19,49,µg/m³,1 Hr,Valid
Guangzhou,PM2.5,1/8/2016 20:00,2016,1,8,20,46,µg/m³,1 Hr,Valid
Guangzhou,PM2.5,1/8/2016 21:00,2016,1,8,21,38,µg/m³,1 Hr,Valid
Guangzhou,PM2.5,1/8/2016 22:00,2016,1,8,22,37,µg/m³,1 Hr,Valid
Guangzhou,PM2.5,1/8/2016 23:00,2016,1,8,23,36,µg/m³,1 Hr,Valid
Guangzhou,PM2.5,1/9/2016 0:00,2016,1,9,0,27,µg/m³,1 Hr,Valid
Guangzhou,PM2.5,1/9/2016 1:00,2016,1,9,1,31,µg/m³,1 Hr,Valid
Guangzhou,PM2.5,1/9/2016 2:00,2016,1,9,2,24,µg/m³,1 Hr,Valid
Guangzhou,PM2.5,1/9/2016 3:00,2016,1,9,3,29,µg/m³,1 Hr,Valid
Guangzhou,PM2.5,1/9/2016 4:00,2016,1,9,4,27,µg/m³,1 Hr,Valid
Guangzhou,PM2.5,1/9/2016 5:00,2016,1,9,5,28,µg/m³,1 Hr,Valid
Guangzhou,PM2.5,1/9/2016 6:00,2016,1,9,6,30,µg/m³,1 Hr,Valid
Guangzhou,PM2.5,1/9/2016 7:00,2016,1,9,7,33,µg/m³,1 Hr,Valid
Guangzhou,PM2.5,1/9/2016 8:00,2016,1,9,8,34,µg/m³,1 Hr,Valid
Guangzhou,PM2.5,1/9/2016 9:00,2016,1,9,9,37,µg/m³,1 Hr,Valid
Guangzhou,PM2.5,1/9/2016 10:00,2016,1,9,10,45,µg/m³,1 Hr,Valid
Guangzhou,PM2.5,1/9/2016 11:00,2016,1,9,11,51,µg/m³,1 Hr,Valid
Guangzhou,PM2.5,1/9/2016 12:00,2016,1,9,12,52,µg/m³,1 Hr,Valid
Guangzhou,PM2.5,1/9/2016 13:00,2016,1,9,13,57,µg/m³,1 Hr,Valid
Guangzhou,PM2.5,1/9/2016 14:00,2016,1,9,14,72,µg/m³,1 Hr,Valid
Guangzhou,PM2.5,1/9/2016 15:00,2016,1,9,15,76,µg/m³,1 Hr,Valid
Guangzhou,PM2.5,1/9/2016 16:00,2016,1,9,16,76,µg/m³,1 Hr,Valid
Guangzhou,PM2.5,1/9/2016 17:00,2016,1,9,17,70,µg/m³,1 Hr,Valid
Guangzhou,PM2.5,1/9/2016 18:00,2016,1,9,18,66,µg/m³,1 Hr,Valid
Guangzhou,PM2.5,1/9/2016 19:00,2016,1,9,19,70,µg/m³,1 Hr,Valid
Guangzhou,PM2.5,1/9/2016 20:00,2016,1,9,20,72,µg/m³,1 Hr,Valid
Guangzhou,PM2.5,1/9/2016 21:00,2016,1,9,21,70,µg/m³,1 Hr,Valid
Guangzhou,PM2.5,1/9/2016 22:00,2016,1,9,22,67,µg/m³,1 Hr,Valid
Guangzhou,PM2.5,1/9/2016 23:00,2016,1,9,23,61,µg/m³,1 Hr,Valid
Guangzhou,PM2.5,1/10/2016 0:00,2016,1,10,0,67,µg/m³,1 Hr,Valid
Guangzhou,PM2.5,1/10/2016 1:00,2016,1,10,1,70,µg/m³,1 Hr,Valid
Guangzhou,PM2.5,1/10/2016 2:00,2016,1,10,2,68,µg/m³,1 Hr,Valid
Guangzhou,PM2.5,1/10/2016 3:00,2016,1,10,3,64,µg/m³,1 Hr,Valid
Guangzhou,PM2.5,1/10/2016 4:00,2016,1,10,4,58,µg/m³,1 Hr,Valid
Guangzhou,PM2.5,1/10/2016 5:00,2016,1,10,5,62,µg/m³,1 Hr,Valid
Guangzhou,PM2.5,1/10/2016 6:00,2016,1,10,6,57,µg/m³,1 Hr,Valid
Guangzhou,PM2.5,1/10/2016 7:00,2016,1,10,7,54,µg/m³,1 Hr,Valid
Guangzhou,PM2.5,1/10/2016 8:00,2016,1,10,8,54,µg/m³,1 Hr,Valid
Guangzhou,PM2.5,1/10/2016 9:00,2016,1,10,9,59,µg/m³,1 Hr,Valid
Guangzhou,PM2.5,1/10/2016 10:00,2016,1,10,10,60,µg/m³,1 Hr,Valid
Guangzhou,PM2.5,1/10/2016 11:00,2016,1,10,11,66,µg/m³,1 Hr,Valid
Guangzhou,PM2.5,1/10/2016 12:00,2016,1,10,12,72,µg/m³,1 Hr,Valid
Guangzhou,PM2.5,1/10/2016 13:00,2016,1,10,13,78,µg/m³,1 Hr,Valid
Guangzhou,PM2.5,1/10/2016 14:00,2016,1,10,14,82,µg/m³,1 Hr,Valid
Guangzhou,PM2.5,1/10/2016 15:00,2016,1,10,15,83,µg/m³,1 Hr,Valid
Guangzhou,PM2.5,1/10/2016 16:00,2016,1,10,16,76,µg/m³,1 Hr,Valid
Guangzhou,PM2.5,1/10/2016 17:00,2016,1,10,17,49,µg/m³,1 Hr,Valid
Guangzhou,PM2.5,1/10/2016 18:00,2016,1,10,18,12,µg/m³,1 Hr,Valid
Guangzhou,PM2.5,1/10/2016 19:00,2016,1,10,19,11,µg/m³,1 Hr,Valid
Guangzhou,PM2.5,1/10/2016 20:00,2016,1,10,20,6,µg/m³,1 Hr,Valid
Guangzhou,PM2.5,1/10/2016 21:00,2016,1,10,21,4,µg/m³,1 Hr,Valid
Guangzhou,PM2.5,1/10/2016 22:00,2016,1,10,22,4,µg/m³,1 Hr,Valid
Guangzhou,PM2.5,1/10/2016 23:00,2016,1,10,23,2,µg/m³,1 Hr,Valid
Guangzhou,PM2.5,1/11/2016 0:00,2016,1,11,0,1,µg/m³,1 Hr,Valid
Guangzhou,PM2.5,1/11/2016 1:00,2016,1,11,1,2,µg/m³,1 Hr,Valid
Guangzhou,PM2.5,1/11/2016 2:00,2016,1,11,2,2,µg/m³,1 Hr,Valid
Guangzhou,PM2.5,1/11/2016 3:00,2016,1,11,3,3,µg/m³,1 Hr,Valid
Guangzhou,PM2.5,1/11/2016 4:00,2016,1,11,4,2,µg/m³,1 Hr,Valid
Guangzhou,PM2.5,1/11/2016 5:00,2016,1,11,5,0,µg/m³,1 Hr,Valid
Guangzhou,PM2.5,1/11/2016 6:00,2016,1,11,6,3,µg/m³,1 Hr,Valid
Guangzhou,PM2.5,1/11/2016 7:00,2016,1,11,7,5,µg/m³,1 Hr,Valid
Guangzhou,PM2.5,1/11/2016 8:00,2016,1,11,8,5,µg/m³,1 Hr,Valid
Guangzhou,PM2.5,1/11/2016 9:00,2016,1,11,9,9,µg/m³,1 Hr,Valid
Guangzhou,PM2.5,1/11/2016 10:00,2016,1,11,10,11,µg/m³,1 Hr,Valid
Guangzhou,PM2.5,1/11/2016 11:00,2016,1,11,11,9,µg/m³,1 Hr,Valid
Guangzhou,PM2.5,1/11/2016 12:00,2016,1,11,12,17,µg/m³,1 Hr,Valid
Guangzhou,PM2.5,1/11/2016 13:00,2016,1,11,13,14,µg/m³,1 Hr,Valid
Guangzhou,PM2.5,1/11/2016 14:00,2016,1,11,14,10,µg/m³,1 Hr,Valid
Guangzhou,PM2.5,1/11/2016 15:00,2016,1,11,15,12,µg/m³,1 Hr,Valid
Guangzhou,PM2.5,1/11/2016 16:00,2016,1,11,16,14,µg/m³,1 Hr,Valid
Guangzhou,PM2.5,1/11/2016 17:00,2016,1,11,17,18,µg/m³,1 Hr,Valid
Guangzhou,PM2.5,1/11/2016 18:00,2016,1,11,18,16,µg/m³,1 Hr,Valid
Guangzhou,PM2.5,1/11/2016 19:00,2016,1,11,19,21,µg/m³,1 Hr,Valid
Guangzhou,PM2.5,1/11/2016 20:00,2016,1,11,20,24,µg/m³,1 Hr,Valid
Guangzhou,PM2.5,1/11/2016 21:00,2016,1,11,21,20,µg/m³,1 Hr,Valid
Guangzhou,PM2.5,1/11/2016 22:00,2016,1,11,22,21,µg/m³,1 Hr,Valid
Guangzhou,PM2.5,1/11/2016 23:00,2016,1,11,23,25,µg/m³,1 Hr,Valid
Guangzhou,PM2.5,1/12/2016 0:00,2016,1,12,0,20,µg/m³,1 Hr,Valid
Guangzhou,PM2.5,1/12/2016 1:00,2016,1,12,1,12,µg/m³,1 Hr,Valid
Guangzhou,PM2.5,1/12/2016 2:00,2016,1,12,2,15,µg/m³,1 Hr,Valid
Guangzhou,PM2.5,1/12/2016 3:00,2016,1,12,3,15,µg/m³,1 Hr,Valid
Guangzhou,PM2.5,1/12/2016 4:00,2016,1,12,4,13,µg/m³,1 Hr,Valid
Guangzhou,PM2.5,1/12/2016 5:00,2016,1,12,5,19,µg/m³,1 Hr,Valid
Guangzhou,PM2.5,1/12/2016 6:00,2016,1,12,6,14,µg/m³,1 Hr,Valid
Guangzhou,PM2.5,1/12/2016 7:00,2016,1,12,7,18,µg/m³,1 Hr,Valid
Guangzhou,PM2.5,1/12/2016 8:00,2016,1,12,8,17,µg/m³,1 Hr,Valid
Guangzhou,PM2.5,1/12/2016 9:00,2016,1,12,9,23,µg/m³,1 Hr,Valid
Guangzhou,PM2.5,1/12/2016 10:00,2016,1,12,10,19,µg/m³,1 Hr,Valid
Guangzhou,PM2.5,1/12/2016 11:00,2016,1,12,11,21,µg/m³,1 Hr,Valid
Guangzhou,PM2.5,1/12/2016 12:00,2016,1,12,12,28,µg/m³,1 Hr,Valid
Guangzhou,PM2.5,1/12/2016 13:00,2016,1,12,13,25,µg/m³,1 Hr,Valid
Guangzhou,PM2.5,1/12/2016 14:00,2016,1,12,14,21,µg/m³,1 Hr,Valid
Guangzhou,PM2.5,1/12/2016 15:00,2016,1,12,15,22,µg/m³,1 Hr,Valid
Guangzhou,PM2.5,1/12/2016 16:00,2016,1,12,16,21,µg/m³,1 Hr,Valid
Guangzhou,PM2.5,1/12/2016 17:00,2016,1,12,17,24,µg/m³,1 Hr,Valid
Guangzhou,PM2.5,1/12/2016 18:00,2016,1,12,18,26,µg/m³,1 Hr,Valid
Guangzhou,PM2.5,1/12/2016 19:00,2016,1,12,19,32,µg/m³,1 Hr,Valid
Guangzhou,PM2.5,1/12/2016 20:00,2016,1,12,20,31,µg/m³,1 Hr,Valid
Guangzhou,PM2.5,1/12/2016 21:00,2016,1,12,21,28,µg/m³,1 Hr,Valid
Guangzhou,PM2.5,1/12/2016 22:00,2016,1,12,22,27,µg/m³,1 Hr,Valid
Guangzhou,PM2.5,1/12/2016 23:00,2016,1,12,23,30,µg/m³,1 Hr,Valid
Guangzhou,PM2.5,1/13/2016 0:00,2016,1,13,0,26,µg/m³,1 Hr,Valid
Guangzhou,PM2.5,1/13/2016 1:00,2016,1,13,1,28,µg/m³,1 Hr,Valid
Guangzhou,PM2.5,1/13/2016 2:00,2016,1,13,2,28,µg/m³,1 Hr,Valid
Guangzhou,PM2.5,1/13/2016 3:00,2016,1,13,3,28,µg/m³,1 Hr,Valid
Guangzhou,PM2.5,1/13/2016 4:00,2016,1,13,4,25,µg/m³,1 Hr,Valid
Guangzhou,PM2.5,1/13/2016 5:00,2016,1,13,5,20,µg/m³,1 Hr,Valid
Guangzhou,PM2.5,1/13/2016 6:00,2016,1,13,6,25,µg/m³,1 Hr,Valid
Guangzhou,PM2.5,1/13/2016 7:00,2016,1,13,7,29,µg/m³,1 Hr,Valid
Guangzhou,PM2.5,1/13/2016 8:00,2016,1,13,8,24,µg/m³,1 Hr,Valid
Guangzhou,PM2.5,1/13/2016 9:00,2016,1,13,9,27,µg/m³,1 Hr,Valid
Guangzhou,PM2.5,1/13/2016 10:00,2016,1,13,10,28,µg/m³,1 Hr,Valid
Guangzhou,PM2.5,1/13/2016 11:00,2016,1,13,11,27,µg/m³,1 Hr,Valid
Guangzhou,PM2.5,1/13/2016 12:00,2016,1,13,12,28,µg/m³,1 Hr,Valid
Guangzhou,PM2.5,1/13/2016 13:00,2016,1,13,13,25,µg/m³,1 Hr,Valid
Guangzhou,PM2.5,1/13/2016 14:00,2016,1,13,14,24,µg/m³,1 Hr,Valid
Guangzhou,PM2.5,1/13/2016 15:00,2016,1,13,15,28,µg/m³,1 Hr,Valid
Guangzhou,PM2.5,1/13/2016 16:00,2016,1,13,16,23,µg/m³,1 Hr,Valid
Guangzhou,PM2.5,1/13/2016 17:00,2016,1,13,17,21,µg/m³,1 Hr,Valid
Guangzhou,PM2.5,1/13/2016 18:00,2016,1,13,18,32,µg/m³,1 Hr,Valid
Guangzhou,PM2.5,1/13/2016 19:00,2016,1,13,19,36,µg/m³,1 Hr,Valid
Guangzhou,PM2.5,1/13/2016 20:00,2016,1,13,20,36,µg/m³,1 Hr,Valid
Guangzhou,PM2.5,1/13/2016 21:00,2016,1,13,21,33,µg/m³,1 Hr,Valid
Guangzhou,PM2.5,1/13/2016 22:00,2016,1,13,22,29,µg/m³,1 Hr,Valid
Guangzhou,PM2.5,1/13/2016 23:00,2016,1,13,23,32,µg/m³,1 Hr,Valid
Guangzhou,PM2.5,1/14/2016 0:00,2016,1,14,0,29,µg/m³,1 Hr,Valid
Guangzhou,PM2.5,1/14/2016 1:00,2016,1,14,1,26,µg/m³,1 Hr,Valid
Guangzhou,PM2.5,1/14/2016 2:00,2016,1,14,2,28,µg/m³,1 Hr,Valid
Guangzhou,PM2.5,1/14/2016 3:00,2016,1,14,3,-999,µg/m³,1 Hr,Missing
Guangzhou,PM2.5,1/14/2016 4:00,2016,1,14,4,-999,µg/m³,1 Hr,Missing
Guangzhou,PM2.5,1/14/2016 5:00,2016,1,14,5,-999,µg/m³,1 Hr,Missing
Guangzhou,PM2.5,1/14/2016 6:00,2016,1,14,6,-999,µg/m³,1 Hr,Missing
Guangzhou,PM2.5,1/14/2016 7:00,2016,1,14,7,-999,µg/m³,1 Hr,Missing
Guangzhou,PM2.5,1/14/2016 8:00,2016,1,14,8,-999,µg/m³,1 Hr,Missing
Guangzhou,PM2.5,1/14/2016 9:00,2016,1,14,9,-999,µg/m³,1 Hr,Missing
Guangzhou,PM2.5,1/14/2016 10:00,2016,1,14,10,-999,µg/m³,1 Hr,Missing
Guangzhou,PM2.5,1/14/2016 11:00,2016,1,14,11,-999,µg/m³,1 Hr,Missing
Guangzhou,PM2.5,1/14/2016 12:00,2016,1,14,12,-999,µg/m³,1 Hr,Missing
Guangzhou,PM2.5,1/14/2016 13:00,2016,1,14,13,-999,µg/m³,1 Hr,Missing
Guangzhou,PM2.5,1/14/2016 14:00,2016,1,14,14,-999,µg/m³,1 Hr,Missing
Guangzhou,PM2.5,1/14/2016 15:00,2016,1,14,15,-999,µg/m³,1 Hr,Missing
Guangzhou,PM2.5,1/14/2016 16:00,2016,1,14,16,-999,µg/m³,1 Hr,Missing
Guangzhou,PM2.5,1/14/2016 17:00,2016,1,14,17,-999,µg/m³,1 Hr,Missing
Guangzhou,PM2.5,1/14/2016 18:00,2016,1,14,18,-999,µg/m³,1 Hr,Missing
Guangzhou,PM2.5,1/14/2016 19:00,2016,1,14,19,-999,µg/m³,1 Hr,Missing
Guangzhou,PM2.5,1/14/2016 20:00,2016,1,14,20,-999,µg/m³,1 Hr,Missing
Guangzhou,PM2.5,1/14/2016 21:00,2016,1,14,21,-999,µg/m³,1 Hr,Missing
Guangzhou,PM2.5,1/14/2016 22:00,2016,1,14,22,-999,µg/m³,1 Hr,Missing
Guangzhou,PM2.5,1/14/2016 23:00,2016,1,14,23,-999,µg/m³,1 Hr,Missing
Guangzhou,PM2.5,1/15/2016 0:00,2016,1,15,0,-999,µg/m³,1 Hr,Missing
Guangzhou,PM2.5,1/15/2016 1:00,2016,1,15,1,-999,µg/m³,1 Hr,Missing
Guangzhou,PM2.5,1/15/2016 2:00,2016,1,15,2,-999,µg/m³,1 Hr,Missing
Guangzhou,PM2.5,1/15/2016 3:00,2016,1,15,3,-999,µg/m³,1 Hr,Missing
Guangzhou,PM2.5,1/15/2016 4:00,2016,1,15,4,-999,µg/m³,1 Hr,Missing
Guangzhou,PM2.5,1/15/2016 5:00,2016,1,15,5,-999,µg/m³,1 Hr,Missing
Guangzhou,PM2.5,1/15/2016 6:00,2016,1,15,6,-999,µg/m³,1 Hr,Missing
Guangzhou,PM2.5,1/15/2016 7:00,2016,1,15,7,-999,µg/m³,1 Hr,Missing
Guangzhou,PM2.5,1/15/2016 8:00,2016,1,15,8,-999,µg/m³,1 Hr,Missing
Guangzhou,PM2.5,1/15/2016 9:00,2016,1,15,9,-999,µg/m³,1 Hr,Missing
Guangzhou,PM2.5,1/15/2016 10:00,2016,1,15,10,-999,µg/m³,1 Hr,Missing
Guangzhou,PM2.5,1/15/2016 11:00,2016,1,15,11,-999,µg/m³,1 Hr,Missing
Guangzhou,PM2.5,1/15/2016 12:00,2016,1,15,12,-999,µg/m³,1 Hr,Missing
Guangzhou,PM2.5,1/15/2016 13:00,2016,1,15,13,-999,µg/m³,1 Hr,Missing
Guangzhou,PM2.5,1/15/2016 14:00,2016,1,15,14,-999,µg/m³,1 Hr,Missing
Guangzhou,PM2.5,1/15/2016 15:00,2016,1,15,15,-999,µg/m³,1 Hr,Missing
Guangzhou,PM2.5,1/15/2016 16:00,2016,1,15,16,-999,µg/m³,1 Hr,Missing
Guangzhou,PM2.5,1/15/2016 17:00,2016,1,15,17,-999,µg/m³,1 Hr,Missing
Guangzhou,PM2.5,1/15/2016 18:00,2016,1,15,18,-999,µg/m³,1 Hr,Missing
Guangzhou,PM2.5,1/15/2016 19:00,2016,1,15,19,22,µg/m³,1 Hr,Valid
Guangzhou,PM2.5,1/15/2016 20:00,2016,1,15,20,18,µg/m³,1 Hr,Valid
Guangzhou,PM2.5,1/15/2016 21:00,2016,1,15,21,23,µg/m³,1 Hr,Valid
Guangzhou,PM2.5,1/15/2016 22:00,2016,1,15,22,18,µg/m³,1 Hr,Valid
Guangzhou,PM2.5,1/15/2016 23:00,2016,1,15,23,10,µg/m³,1 Hr,Valid
Guangzhou,PM2.5,1/16/2016 0:00,2016,1,16,0,14,µg/m³,1 Hr,Valid
Guangzhou,PM2.5,1/16/2016 1:00,2016,1,16,1,13,µg/m³,1 Hr,Valid
Guangzhou,PM2.5,1/16/2016 2:00,2016,1,16,2,10,µg/m³,1 Hr,Valid
Guangzhou,PM2.5,1/16/2016 3:00,2016,1,16,3,15,µg/m³,1 Hr,Valid
Guangzhou,PM2.5,1/16/2016 4:00,2016,1,16,4,8,µg/m³,1 Hr,Valid
Guangzhou,PM2.5,1/16/2016 5:00,2016,1,16,5,7,µg/m³,1 Hr,Valid
Guangzhou,PM2.5,1/16/2016 6:00,2016,1,16,6,7,µg/m³,1 Hr,Valid
Guangzhou,PM2.5,1/16/2016 7:00,2016,1,16,7,10,µg/m³,1 Hr,Valid
Guangzhou,PM2.5,1/16/2016 8:00,2016,1,16,8,13,µg/m³,1 Hr,Valid
Guangzhou,PM2.5,1/16/2016 9:00,2016,1,16,9,16,µg/m³,1 Hr,Valid
Guangzhou,PM2.5,1/16/2016 10:00,2016,1,16,10,22,µg/m³,1 Hr,Valid
Guangzhou,PM2.5,1/16/2016 11:00,2016,1,16,11,28,µg/m³,1 Hr,Valid
Guangzhou,PM2.5,1/16/2016 12:00,2016,1,16,12,30,µg/m³,1 Hr,Valid
Guangzhou,PM2.5,1/16/2016 13:00,2016,1,16,13,39,µg/m³,1 Hr,Valid
Guangzhou,PM2.5,1/16/2016 14:00,2016,1,16,14,46,µg/m³,1 Hr,Valid
Guangzhou,PM2.5,1/16/2016 15:00,2016,1,16,15,49,µg/m³,1 Hr,Valid
Guangzhou,PM2.5,1/16/2016 16:00,2016,1,16,16,53,µg/m³,1 Hr,Valid
Guangzhou,PM2.5,1/16/2016 17:00,2016,1,16,17,59,µg/m³,1 Hr,Valid
Guangzhou,PM2.5,1/16/2016 18:00,2016,1,16,18,62,µg/m³,1 Hr,Valid
Guangzhou,PM2.5,1/16/2016 19:00,2016,1,16,19,60,µg/m³,1 Hr,Valid
Guangzhou,PM2.5,1/16/2016 20:00,2016,1,16,20,67,µg/m³,1 Hr,Valid
Guangzhou,PM2.5,1/16/2016 21:00,2016,1,16,21,73,µg/m³,1 Hr,Valid
Guangzhou,PM2.5,1/16/2016 22:00,2016,1,16,22,81,µg/m³,1 Hr,Valid
Guangzhou,PM2.5,1/16/2016 23:00,2016,1,16,23,56,µg/m³,1 Hr,Valid
Guangzhou,PM2.5,1/17/2016 0:00,2016,1,17,0,29,µg/m³,1 Hr,Valid
Guangzhou,PM2.5,1/17/2016 1:00,2016,1,17,1,25,µg/m³,1 Hr,Valid
Guangzhou,PM2.5,1/17/2016 2:00,2016,1,17,2,23,µg/m³,1 Hr,Valid
Guangzhou,PM2.5,1/17/2016 3:00,2016,1,17,3,24,µg/m³,1 Hr,Valid
Guangzhou,PM2.5,1/17/2016 4:00,2016,1,17,4,21,µg/m³,1 Hr,Valid
Guangzhou,PM2.5,1/17/2016 5:00,2016,1,17,5,23,µg/m³,1 Hr,Valid
Guangzhou,PM2.5,1/17/2016 6:00,2016,1,17,6,29,µg/m³,1 Hr,Valid
Guangzhou,PM2.5,1/17/2016 7:00,2016,1,17,7,11,µg/m³,1 Hr,Valid
Guangzhou,PM2.5,1/17/2016 8:00,2016,1,17,8,10,µg/m³,1 Hr,Valid
Guangzhou,PM2.5,1/17/2016 9:00,2016,1,17,9,10,µg/m³,1 Hr,Valid
Guangzhou,PM2.5,1/17/2016 10:00,2016,1,17,10,11,µg/m³,1 Hr,Valid
Guangzhou,PM2.5,1/17/2016 11:00,2016,1,17,11,8,µg/m³,1 Hr,Valid
Guangzhou,PM2.5,1/17/2016 12:00,2016,1,17,12,9,µg/m³,1 Hr,Valid
Guangzhou,PM2.5,1/17/2016 13:00,2016,1,17,13,8,µg/m³,1 Hr,Valid
Guangzhou,PM2.5,1/17/2016 14:00,2016,1,17,14,9,µg/m³,1 Hr,Valid
Guangzhou,PM2.5,1/17/2016 15:00,2016,1,17,15,8,µg/m³,1 Hr,Valid
Guangzhou,PM2.5,1/17/2016 16:00,2016,1,17,16,10,µg/m³,1 Hr,Valid
Guangzhou,PM2.5,1/17/2016 17:00,2016,1,17,17,12,µg/m³,1 Hr,Valid
Guangzhou,PM2.5,1/17/2016 18:00,2016,1,17,18,18,µg/m³,1 Hr,Valid
Guangzhou,PM2.5,1/17/2016 19:00,2016,1,17,19,21,µg/m³,1 Hr,Valid
Guangzhou,PM2.5,1/17/2016 20:00,2016,1,17,20,20,µg/m³,1 Hr,Valid
Guangzhou,PM2.5,1/17/2016 21:00,2016,1,17,21,17,µg/m³,1 Hr,Valid
Guangzhou,PM2.5,1/17/2016 22:00,2016,1,17,22,25,µg/m³,1 Hr,Valid
Guangzhou,PM2.5,1/17/2016 23:00,2016,1,17,23,22,µg/m³,1 Hr,Valid
Guangzhou,PM2.5,1/18/2016 0:00,2016,1,18,0,24,µg/m³,1 Hr,Valid
Guangzhou,PM2.5,1/18/2016 1:00,2016,1,18,1,21,µg/m³,1 Hr,Valid
Guangzhou,PM2.5,1/18/2016 2:00,2016,1,18,2,20,µg/m³,1 Hr,Valid
Guangzhou,PM2.5,1/18/2016 3:00,2016,1,18,3,18,µg/m³,1 Hr,Valid
Guangzhou,PM2.5,1/18/2016 4:00,2016,1,18,4,19,µg/m³,1 Hr,Valid
Guangzhou,PM2.5,1/18/2016 5:00,2016,1,18,5,15,µg/m³,1 Hr,Valid
Guangzhou,PM2.5,1/18/2016 6:00,2016,1,18,6,20,µg/m³,1 Hr,Valid
Guangzhou,PM2.5,1/18/2016 7:00,2016,1,18,7,16,µg/m³,1 Hr,Valid
Guangzhou,PM2.5,1/18/2016 8:00,2016,1,18,8,18,µg/m³,1 Hr,Valid
Guangzhou,PM2.5,1/18/2016 9:00,2016,1,18,9,14,µg/m³,1 Hr,Valid
Guangzhou,PM2.5,1/18/2016 10:00,2016,1,18,10,20,µg/m³,1 Hr,Valid
Guangzhou,PM2.5,1/18/2016 11:00,2016,1,18,11,17,µg/m³,1 Hr,Valid
Guangzhou,PM2.5,1/18/2016 12:00,2016,1,18,12,19,µg/m³,1 Hr,Valid
Guangzhou,PM2.5,1/18/2016 13:00,2016,1,18,13,23,µg/m³,1 Hr,Valid
Guangzhou,PM2.5,1/18/2016 14:00,2016,1,18,14,29,µg/m³,1 Hr,Valid
Guangzhou,PM2.5,1/18/2016 15:00,2016,1,18,15,27,µg/m³,1 Hr,Valid
Guangzhou,PM2.5,1/18/2016 16:00,2016,1,18,16,30,µg/m³,1 Hr,Valid
Guangzhou,PM2.5,1/18/2016 17:00,2016,1,18,17,35,µg/m³,1 Hr,Valid
Guangzhou,PM2.5,1/18/2016 18:00,2016,1,18,18,41,µg/m³,1 Hr,Valid
Guangzhou,PM2.5,1/18/2016 19:00,2016,1,18,19,48,µg/m³,1 Hr,Valid
Guangzhou,PM2.5,1/18/2016 20:00,2016,1,18,20,40,µg/m³,1 Hr,Valid
Guangzhou,PM2.5,1/18/2016 21:00,2016,1,18,21,43,µg/m³,1 Hr,Valid
Guangzhou,PM2.5,1/18/2016 22:00,2016,1,18,22,40,µg/m³,1 Hr,Valid
Guangzhou,PM2.5,1/18/2016 23:00,2016,1,18,23,34,µg/m³,1 Hr,Valid
Guangzhou,PM2.5,1/19/2016 0:00,2016,1,19,0,29,µg/m³,1 Hr,Valid
Guangzhou,PM2.5,1/19/2016 1:00,2016,1,19,1,25,µg/m³,1 Hr,Valid
Guangzhou,PM2.5,1/19/2016 2:00,2016,1,19,2,32,µg/m³,1 Hr,Valid
Guangzhou,PM2.5,1/19/2016 3:00,2016,1,19,3,25,µg/m³,1 Hr,Valid
Guangzhou,PM2.5,1/19/2016 4:00,2016,1,19,4,23,µg/m³,1 Hr,Valid
Guangzhou,PM2.5,1/19/2016 5:00,2016,1,19,5,31,µg/m³,1 Hr,Valid
Guangzhou,PM2.5,1/19/2016 6:00,2016,1,19,6,29,µg/m³,1 Hr,Valid
Guangzhou,PM2.5,1/19/2016 7:00,2016,1,19,7,31,µg/m³,1 Hr,Valid
Guangzhou,PM2.5,1/19/2016 8:00,2016,1,19,8,30,µg/m³,1 Hr,Valid
Guangzhou,PM2.5,1/19/2016 9:00,2016,1,19,9,39,µg/m³,1 Hr,Valid
Guangzhou,PM2.5,1/19/2016 10:00,2016,1,19,10,35,µg/m³,1 Hr,Valid
Guangzhou,PM2.5,1/19/2016 11:00,2016,1,19,11,37,µg/m³,1 Hr,Valid
Guangzhou,PM2.5,1/19/2016 12:00,2016,1,19,12,47,µg/m³,1 Hr,Valid
Guangzhou,PM2.5,1/19/2016 13:00,2016,1,19,13,48,µg/m³,1 Hr,Valid
Guangzhou,PM2.5,1/19/2016 14:00,2016,1,19,14,50,µg/m³,1 Hr,Valid
Guangzhou,PM2.5,1/19/2016 15:00,2016,1,19,15,51,µg/m³,1 Hr,Valid
Guangzhou,PM2.5,1/19/2016 16:00,2016,1,19,16,53,µg/m³,1 Hr,Valid
Guangzhou,PM2.5,1/19/2016 17:00,2016,1,19,17,54,µg/m³,1 Hr,Valid
Guangzhou,PM2.5,1/19/2016 18:00,2016,1,19,18,63,µg/m³,1 Hr,Valid
Guangzhou,PM2.5,1/19/2016 19:00,2016,1,19,19,65,µg/m³,1 Hr,Valid
Guangzhou,PM2.5,1/19/2016 20:00,2016,1,19,20,64,µg/m³,1 Hr,Valid
Guangzhou,PM2.5,1/19/2016 21:00,2016,1,19,21,57,µg/m³,1 Hr,Valid
Guangzhou,PM2.5,1/19/2016 22:00,2016,1,19,22,70,µg/m³,1 Hr,Valid
Guangzhou,PM2.5,1/19/2016 23:00,2016,1,19,23,58,µg/m³,1 Hr,Valid
Guangzhou,PM2.5,1/20/2016 0:00,2016,1,20,0,59,µg/m³,1 Hr,Valid
Guangzhou,PM2.5,1/20/2016 1:00,2016,1,20,1,59,µg/m³,1 Hr,Valid
Guangzhou,PM2.5,1/20/2016 2:00,2016,1,20,2,56,µg/m³,1 Hr,Valid
Guangzhou,PM2.5,1/20/2016 3:00,2016,1,20,3,54,µg/m³,1 Hr,Valid
Guangzhou,PM2.5,1/20/2016 4:00,2016,1,20,4,54,µg/m³,1 Hr,Valid
Guangzhou,PM2.5,1/20/2016 5:00,2016,1,20,5,50,µg/m³,1 Hr,Valid
Guangzhou,PM2.5,1/20/2016 6:00,2016,1,20,6,53,µg/m³,1 Hr,Valid
Guangzhou,PM2.5,1/20/2016 7:00,2016,1,20,7,48,µg/m³,1 Hr,Valid
Guangzhou,PM2.5,1/20/2016 8:00,2016,1,20,8,50,µg/m³,1 Hr,Valid
Guangzhou,PM2.5,1/20/2016 9:00,2016,1,20,9,51,µg/m³,1 Hr,Valid
Guangzhou,PM2.5,1/20/2016 10:00,2016,1,20,10,57,µg/m³,1 Hr,Valid
Guangzhou,PM2.5,1/20/2016 11:00,2016,1,20,11,54,µg/m³,1 Hr,Valid
Guangzhou,PM2.5,1/20/2016 12:00,2016,1,20,12,51,µg/m³,1 Hr,Valid
Guangzhou,PM2.5,1/20/2016 13:00,2016,1,20,13,48,µg/m³,1 Hr,Valid
Guangzhou,PM2.5,1/20/2016 14:00,2016,1,20,14,41,µg/m³,1 Hr,Valid
Guangzhou,PM2.5,1/20/2016 15:00,2016,1,20,15,38,µg/m³,1 Hr,Valid
Guangzhou,PM2.5,1/20/2016 16:00,2016,1,20,16,32,µg/m³,1 Hr,Valid
Guangzhou,PM2.5,1/20/2016 17:00,2016,1,20,17,33,µg/m³,1 Hr,Valid
Guangzhou,PM2.5,1/20/2016 18:00,2016,1,20,18,36,µg/m³,1 Hr,Valid
Guangzhou,PM2.5,1/20/2016 19:00,2016,1,20,19,38,µg/m³,1 Hr,Valid
Guangzhou,PM2.5,1/20/2016 20:00,2016,1,20,20,35,µg/m³,1 Hr,Valid
Guangzhou,PM2.5,1/20/2016 21:00,2016,1,20,21,27,µg/m³,1 Hr,Valid
Guangzhou,PM2.5,1/20/2016 22:00,2016,1,20,22,33,µg/m³,1 Hr,Valid
Guangzhou,PM2.5,1/20/2016 23:00,2016,1,20,23,21,µg/m³,1 Hr,Valid
Guangzhou,PM2.5,1/21/2016 0:00,2016,1,21,0,16,µg/m³,1 Hr,Valid
Guangzhou,PM2.5,1/21/2016 1:00,2016,1,21,1,11,µg/m³,1 Hr,Valid
Guangzhou,PM2.5,1/21/2016 2:00,2016,1,21,2,13,µg/m³,1 Hr,Valid
Guangzhou,PM2.5,1/21/2016 3:00,2016,1,21,3,15,µg/m³,1 Hr,Valid
Guangzhou,PM2.5,1/21/2016 4:00,2016,1,21,4,10,µg/m³,1 Hr,Valid
Guangzhou,PM2.5,1/21/2016 5:00,2016,1,21,5,12,µg/m³,1 Hr,Valid
Guangzhou,PM2.5,1/21/2016 6:00,2016,1,21,6,13,µg/m³,1 Hr,Valid
Guangzhou,PM2.5,1/21/2016 7:00,2016,1,21,7,15,µg/m³,1 Hr,Valid
Guangzhou,PM2.5,1/21/2016 8:00,2016,1,21,8,12,µg/m³,1 Hr,Valid
Guangzhou,PM2.5,1/21/2016 9:00,2016,1,21,9,18,µg/m³,1 Hr,Valid
Guangzhou,PM2.5,1/21/2016 10:00,2016,1,21,10,22,µg/m³,1 Hr,Valid
Guangzhou,PM2.5,1/21/2016 11:00,2016,1,21,11,19,µg/m³,1 Hr,Valid
Guangzhou,PM2.5,1/21/2016 12:00,2016,1,21,12,21,µg/m³,1 Hr,Valid
Guangzhou,PM2.5,1/21/2016 13:00,2016,1,21,13,13,µg/m³,1 Hr,Valid
Guangzhou,PM2.5,1/21/2016 14:00,2016,1,21,14,14,µg/m³,1 Hr,Valid
Guangzhou,PM2.5,1/21/2016 15:00,2016,1,21,15,19,µg/m³,1 Hr,Valid
Guangzhou,PM2.5,1/21/2016 16:00,2016,1,21,16,19,µg/m³,1 Hr,Valid
Guangzhou,PM2.5,1/21/2016 17:00,2016,1,21,17,21,µg/m³,1 Hr,Valid
Guangzhou,PM2.5,1/21/2016 18:00,2016,1,21,18,18,µg/m³,1 Hr,Valid
Guangzhou,PM2.5,1/21/2016 19:00,2016,1,21,19,27,µg/m³,1 Hr,Valid
Guangzhou,PM2.5,1/21/2016 20:00,2016,1,21,20,22,µg/m³,1 Hr,Valid
Guangzhou,PM2.5,1/21/2016 21:00,2016,1,21,21,23,µg/m³,1 Hr,Valid
Guangzhou,PM2.5,1/21/2016 22:00,2016,1,21,22,25,µg/m³,1 Hr,Valid
Guangzhou,PM2.5,1/21/2016 23:00,2016,1,21,23,20,µg/m³,1 Hr,Valid
Guangzhou,PM2.5,1/22/2016 0:00,2016,1,22,0,21,µg/m³,1 Hr,Valid
Guangzhou,PM2.5,1/22/2016 1:00,2016,1,22,1,16,µg/m³,1 Hr,Valid
Guangzhou,PM2.5,1/22/2016 2:00,2016,1,22,2,12,µg/m³,1 Hr,Valid
Guangzhou,PM2.5,1/22/2016 3:00,2016,1,22,3,15,µg/m³,1 Hr,Valid
Guangzhou,PM2.5,1/22/2016 4:00,2016,1,22,4,20,µg/m³,1 Hr,Valid
Guangzhou,PM2.5,1/22/2016 5:00,2016,1,22,5,15,µg/m³,1 Hr,Valid
Guangzhou,PM2.5,1/22/2016 6:00,2016,1,22,6,17,µg/m³,1 Hr,Valid
Guangzhou,PM2.5,1/22/2016 7:00,2016,1,22,7,20,µg/m³,1 Hr,Valid
Guangzhou,PM2.5,1/22/2016 8:00,2016,1,22,8,21,µg/m³,1 Hr,Valid
Guangzhou,PM2.5,1/22/2016 9:00,2016,1,22,9,18,µg/m³,1 Hr,Valid
Guangzhou,PM2.5,1/22/2016 10:00,2016,1,22,10,23,µg/m³,1 Hr,Valid
Guangzhou,PM2.5,1/22/2016 11:00,2016,1,22,11,14,µg/m³,1 Hr,Valid
Guangzhou,PM2.5,1/22/2016 12:00,2016,1,22,12,11,µg/m³,1 Hr,Valid
Guangzhou,PM2.5,1/22/2016 13:00,2016,1,22,13,17,µg/m³,1 Hr,Valid
Guangzhou,PM2.5,1/22/2016 14:00,2016,1,22,14,13,µg/m³,1 Hr,Valid
Guangzhou,PM2.5,1/22/2016 15:00,2016,1,22,15,13,µg/m³,1 Hr,Valid
Guangzhou,PM2.5,1/22/2016 16:00,2016,1,22,16,13,µg/m³,1 Hr,Valid
Guangzhou,PM2.5,1/22/2016 17:00,2016,1,22,17,11,µg/m³,1 Hr,Valid
Guangzhou,PM2.5,1/22/2016 18:00,2016,1,22,18,12,µg/m³,1 Hr,Valid
Guangzhou,PM2.5,1/22/2016 19:00,2016,1,22,19,14,µg/m³,1 Hr,Valid
Guangzhou,PM2.5,1/22/2016 20:00,2016,1,22,20,10,µg/m³,1 Hr,Valid
Guangzhou,PM2.5,1/22/2016 21:00,2016,1,22,21,10,µg/m³,1 Hr,Valid
Guangzhou,PM2.5,1/22/2016 22:00,2016,1,22,22,7,µg/m³,1 Hr,Valid
Guangzhou,PM2.5,1/22/2016 23:00,2016,1,22,23,5,µg/m³,1 Hr,Valid
Guangzhou,PM2.5,1/23/2016 0:00,2016,1,23,0,3,µg/m³,1 Hr,Valid
Guangzhou,PM2.5,1/23/2016 1:00,2016,1,23,1,5,µg/m³,1 Hr,Valid
Guangzhou,PM2.5,1/23/2016 2:00,2016,1,23,2,6,µg/m³,1 Hr,Valid
Guangzhou,PM2.5,1/23/2016 3:00,2016,1,23,3,6,µg/m³,1 Hr,Valid
Guangzhou,PM2.5,1/23/2016 4:00,2016,1,23,4,5,µg/m³,1 Hr,Valid
Guangzhou,PM2.5,1/23/2016 5:00,2016,1,23,5,4,µg/m³,1 Hr,Valid
Guangzhou,PM2.5,1/23/2016 6:00,2016,1,23,6,5,µg/m³,1 Hr,Valid
Guangzhou,PM2.5,1/23/2016 7:00,2016,1,23,7,8,µg/m³,1 Hr,Valid
Guangzhou,PM2.5,1/23/2016 8:00,2016,1,23,8,11,µg/m³,1 Hr,Valid
Guangzhou,PM2.5,1/23/2016 9:00,2016,1,23,9,12,µg/m³,1 Hr,Valid
Guangzhou,PM2.5,1/23/2016 10:00,2016,1,23,10,16,µg/m³,1 Hr,Valid
Guangzhou,PM2.5,1/23/2016 11:00,2016,1,23,11,16,µg/m³,1 Hr,Valid
Guangzhou,PM2.5,1/23/2016 12:00,2016,1,23,12,17,µg/m³,1 Hr,Valid
Guangzhou,PM2.5,1/23/2016 13:00,2016,1,23,13,17,µg/m³,1 Hr,Valid
Guangzhou,PM2.5,1/23/2016 14:00,2016,1,23,14,26,µg/m³,1 Hr,Valid
Guangzhou,PM2.5,1/23/2016 15:00,2016,1,23,15,30,µg/m³,1 Hr,Valid
Guangzhou,PM2.5,1/23/2016 16:00,2016,1,23,16,36,µg/m³,1 Hr,Valid
Guangzhou,PM2.5,1/23/2016 17:00,2016,1,23,17,45,µg/m³,1 Hr,Valid
Guangzhou,PM2.5,1/23/2016 18:00,2016,1,23,18,40,µg/m³,1 Hr,Valid
Guangzhou,PM2.5,1/23/2016 19:00,2016,1,23,19,39,µg/m³,1 Hr,Valid
Guangzhou,PM2.5,1/23/2016 20:00,2016,1,23,20,35,µg/m³,1 Hr,Valid
Guangzhou,PM2.5,1/23/2016 21:00,2016,1,23,21,34,µg/m³,1 Hr,Valid
Guangzhou,PM2.5,1/23/2016 22:00,2016,1,23,22,39,µg/m³,1 Hr,Valid
Guangzhou,PM2.5,1/23/2016 23:00,2016,1,23,23,45,µg/m³,1 Hr,Valid
Guangzhou,PM2.5,1/24/2016 0:00,2016,1,24,0,51,µg/m³,1 Hr,Valid
Guangzhou,PM2.5,1/24/2016 1:00,2016,1,24,1,53,µg/m³,1 Hr,Valid
Guangzhou,PM2.5,1/24/2016 2:00,2016,1,24,2,55,µg/m³,1 Hr,Valid
Guangzhou,PM2.5,1/24/2016 3:00,2016,1,24,3,46,µg/m³,1 Hr,Valid
Guangzhou,PM2.5,1/24/2016 4:00,2016,1,24,4,30,µg/m³,1 Hr,Valid
Guangzhou,PM2.5,1/24/2016 5:00,2016,1,24,5,33,µg/m³,1 Hr,Valid
Guangzhou,PM2.5,1/24/2016 6:00,2016,1,24,6,34,µg/m³,1 Hr,Valid
Guangzhou,PM2.5,1/24/2016 7:00,2016,1,24,7,27,µg/m³,1 Hr,Valid
Guangzhou,PM2.5,1/24/2016 8:00,2016,1,24,8,24,µg/m³,1 Hr,Valid
Guangzhou,PM2.5,1/24/2016 9:00,2016,1,24,9,25,µg/m³,1 Hr,Valid
Guangzhou,PM2.5,1/24/2016 10:00,2016,1,24,10,21,µg/m³,1 Hr,Valid
Guangzhou,PM2.5,1/24/2016 11:00,2016,1,24,11,23,µg/m³,1 Hr,Valid
Guangzhou,PM2.5,1/24/2016 12:00,2016,1,24,12,23,µg/m³,1 Hr,Valid
Guangzhou,PM2.5,1/24/2016 13:00,2016,1,24,13,24,µg/m³,1 Hr,Valid
Guangzhou,PM2.5,1/24/2016 14:00,2016,1,24,14,23,µg/m³,1 Hr,Valid
Guangzhou,PM2.5,1/24/2016 15:00,2016,1,24,15,23,µg/m³,1 Hr,Valid
Guangzhou,PM2.5,1/24/2016 16:00,2016,1,24,16,26,µg/m³,1 Hr,Valid
Guangzhou,PM2.5,1/24/2016 17:00,2016,1,24,17,23,µg/m³,1 Hr,Valid
Guangzhou,PM2.5,1/24/2016 18:00,2016,1,24,18,27,µg/m³,1 Hr,Valid
Guangzhou,PM2.5,1/24/2016 19:00,2016,1,24,19,27,µg/m³,1 Hr,Valid
Guangzhou,PM2.5,1/24/2016 20:00,2016,1,24,20,26,µg/m³,1 Hr,Valid
Guangzhou,PM2.5,1/24/2016 21:00,2016,1,24,21,26,µg/m³,1 Hr,Valid
Guangzhou,PM2.5,1/24/2016 22:00,2016,1,24,22,32,µg/m³,1 Hr,Valid
Guangzhou,PM2.5,1/24/2016 23:00,2016,1,24,23,27,µg/m³,1 Hr,Valid
Guangzhou,PM2.5,1/25/2016 0:00,2016,1,25,0,29,µg/m³,1 Hr,Valid
Guangzhou,PM2.5,1/25/2016 1:00,2016,1,25,1,27,µg/m³,1 Hr,Valid
Guangzhou,PM2.5,1/25/2016 2:00,2016,1,25,2,27,µg/m³,1 Hr,Valid
Guangzhou,PM2.5,1/25/2016 3:00,2016,1,25,3,27,µg/m³,1 Hr,Valid
Guangzhou,PM2.5,1/25/2016 4:00,2016,1,25,4,24,µg/m³,1 Hr,Valid
Guangzhou,PM2.5,1/25/2016 5:00,2016,1,25,5,17,µg/m³,1 Hr,Valid
Guangzhou,PM2.5,1/25/2016 6:00,2016,1,25,6,29,µg/m³,1 Hr,Valid
Guangzhou,PM2.5,1/25/2016 7:00,2016,1,25,7,29,µg/m³,1 Hr,Valid
Guangzhou,PM2.5,1/25/2016 8:00,2016,1,25,8,27,µg/m³,1 Hr,Valid
Guangzhou,PM2.5,1/25/2016 9:00,2016,1,25,9,23,µg/m³,1 Hr,Valid
Guangzhou,PM2.5,1/25/2016 10:00,2016,1,25,10,21,µg/m³,1 Hr,Valid
Guangzhou,PM2.5,1/25/2016 11:00,2016,1,25,11,16,µg/m³,1 Hr,Valid
Guangzhou,PM2.5,1/25/2016 12:00,2016,1,25,12,16,µg/m³,1 Hr,Valid
Guangzhou,PM2.5,1/25/2016 13:00,2016,1,25,13,20,µg/m³,1 Hr,Valid
Guangzhou,PM2.5,1/25/2016 14:00,2016,1,25,14,18,µg/m³,1 Hr,Valid
Guangzhou,PM2.5,1/25/2016 15:00,2016,1,25,15,20,µg/m³,1 Hr,Valid
Guangzhou,PM2.5,1/25/2016 16:00,2016,1,25,16,20,µg/m³,1 Hr,Valid
Guangzhou,PM2.5,1/25/2016 17:00,2016,1,25,17,23,µg/m³,1 Hr,Valid
Guangzhou,PM2.5,1/25/2016 18:00,2016,1,25,18,29,µg/m³,1 Hr,Valid
Guangzhou,PM2.5,1/25/2016 19:00,2016,1,25,19,33,µg/m³,1 Hr,Valid
Guangzhou,PM2.5,1/25/2016 20:00,2016,1,25,20,35,µg/m³,1 Hr,Valid
Guangzhou,PM2.5,1/25/2016 21:00,2016,1,25,21,29,µg/m³,1 Hr,Valid
Guangzhou,PM2.5,1/25/2016 22:00,2016,1,25,22,38,µg/m³,1 Hr,Valid
Guangzhou,PM2.5,1/25/2016 23:00,2016,1,25,23,31,µg/m³,1 Hr,Valid
Guangzhou,PM2.5,1/26/2016 0:00,2016,1,26,0,29,µg/m³,1 Hr,Valid
Guangzhou,PM2.5,1/26/2016 1:00,2016,1,26,1,30,µg/m³,1 Hr,Valid
Guangzhou,PM2.5,1/26/2016 2:00,2016,1,26,2,24,µg/m³,1 Hr,Valid
Guangzhou,PM2.5,1/26/2016 3:00,2016,1,26,3,23,µg/m³,1 Hr,Valid
Guangzhou,PM2.5,1/26/2016 4:00,2016,1,26,4,21,µg/m³,1 Hr,Valid
Guangzhou,PM2.5,1/26/2016 5:00,2016,1,26,5,18,µg/m³,1 Hr,Valid
Guangzhou,PM2.5,1/26/2016 6:00,2016,1,26,6,22,µg/m³,1 Hr,Valid
Guangzhou,PM2.5,1/26/2016 7:00,2016,1,26,7,18,µg/m³,1 Hr,Valid
Guangzhou,PM2.5,1/26/2016 8:00,2016,1,26,8,18,µg/m³,1 Hr,Valid
Guangzhou,PM2.5,1/26/2016 9:00,2016,1,26,9,15,µg/m³,1 Hr,Valid
Guangzhou,PM2.5,1/26/2016 10:00,2016,1,26,10,21,µg/m³,1 Hr,Valid
Guangzhou,PM2.5,1/26/2016 11:00,2016,1,26,11,31,µg/m³,1 Hr,Valid
Guangzhou,PM2.5,1/26/2016 12:00,2016,1,26,12,30,µg/m³,1 Hr,Valid
Guangzhou,PM2.5,1/26/2016 13:00,2016,1,26,13,30,µg/m³,1 Hr,Valid
Guangzhou,PM2.5,1/26/2016 14:00,2016,1,26,14,29,µg/m³,1 Hr,Valid
Guangzhou,PM2.5,1/26/2016 15:00,2016,1,26,15,27,µg/m³,1 Hr,Valid
Guangzhou,PM2.5,1/26/2016 16:00,2016,1,26,16,30,µg/m³,1 Hr,Valid
Guangzhou,PM2.5,1/26/2016 17:00,2016,1,26,17,38,µg/m³,1 Hr,Valid
Guangzhou,PM2.5,1/26/2016 18:00,2016,1,26,18,39,µg/m³,1 Hr,Valid
Guangzhou,PM2.5,1/26/2016 19:00,2016,1,26,19,37,µg/m³,1 Hr,Valid
Guangzhou,PM2.5,1/26/2016 20:00,2016,1,26,20,30,µg/m³,1 Hr,Valid
Guangzhou,PM2.5,1/26/2016 21:00,2016,1,26,21,35,µg/m³,1 Hr,Valid
Guangzhou,PM2.5,1/26/2016 22:00,2016,1,26,22,38,µg/m³,1 Hr,Valid
Guangzhou,PM2.5,1/26/2016 23:00,2016,1,26,23,28,µg/m³,1 Hr,Valid
Guangzhou,PM2.5,1/27/2016 0:00,2016,1,27,0,31,µg/m³,1 Hr,Valid
Guangzhou,PM2.5,1/27/2016 1:00,2016,1,27,1,24,µg/m³,1 Hr,Valid
Guangzhou,PM2.5,1/27/2016 2:00,2016,1,27,2,21,µg/m³,1 Hr,Valid
Guangzhou,PM2.5,1/27/2016 3:00,2016,1,27,3,17,µg/m³,1 Hr,Valid
Guangzhou,PM2.5,1/27/2016 4:00,2016,1,27,4,14,µg/m³,1 Hr,Valid
Guangzhou,PM2.5,1/27/2016 5:00,2016,1,27,5,13,µg/m³,1 Hr,Valid
Guangzhou,PM2.5,1/27/2016 6:00,2016,1,27,6,13,µg/m³,1 Hr,Valid
Guangzhou,PM2.5,1/27/2016 7:00,2016,1,27,7,13,µg/m³,1 Hr,Valid
Guangzhou,PM2.5,1/27/2016 8:00,2016,1,27,8,13,µg/m³,1 Hr,Valid
Guangzhou,PM2.5,1/27/2016 9:00,2016,1,27,9,21,µg/m³,1 Hr,Valid
Guangzhou,PM2.5,1/27/2016 10:00,2016,1,27,10,43,µg/m³,1 Hr,Valid
Guangzhou,PM2.5,1/27/2016 11:00,2016,1,27,11,40,µg/m³,1 Hr,Valid
Guangzhou,PM2.5,1/27/2016 12:00,2016,1,27,12,27,µg/m³,1 Hr,Valid
Guangzhou,PM2.5,1/27/2016 13:00,2016,1,27,13,48,µg/m³,1 Hr,Valid
Guangzhou,PM2.5,1/27/2016 14:00,2016,1,27,14,58,µg/m³,1 Hr,Valid
Guangzhou,PM2.5,1/27/2016 15:00,2016,1,27,15,54,µg/m³,1 Hr,Valid
Guangzhou,PM2.5,1/27/2016 16:00,2016,1,27,16,52,µg/m³,1 Hr,Valid
Guangzhou,PM2.5,1/27/2016 17:00,2016,1,27,17,52,µg/m³,1 Hr,Valid
Guangzhou,PM2.5,1/27/2016 18:00,2016,1,27,18,54,µg/m³,1 Hr,Valid
Guangzhou,PM2.5,1/27/2016 19:00,2016,1,27,19,56,µg/m³,1 Hr,Valid
Guangzhou,PM2.5,1/27/2016 20:00,2016,1,27,20,59,µg/m³,1 Hr,Valid
Guangzhou,PM2.5,1/27/2016 21:00,2016,1,27,21,65,µg/m³,1 Hr,Valid
Guangzhou,PM2.5,1/27/2016 22:00,2016,1,27,22,62,µg/m³,1 Hr,Valid
Guangzhou,PM2.5,1/27/2016 23:00,2016,1,27,23,55,µg/m³,1 Hr,Valid
Guangzhou,PM2.5,1/28/2016 0:00,2016,1,28,0,49,µg/m³,1 Hr,Valid
Guangzhou,PM2.5,1/28/2016 1:00,2016,1,28,1,44,µg/m³,1 Hr,Valid
Guangzhou,PM2.5,1/28/2016 2:00,2016,1,28,2,48,µg/m³,1 Hr,Valid
Guangzhou,PM2.5,1/28/2016 3:00,2016,1,28,3,47,µg/m³,1 Hr,Valid
Guangzhou,PM2.5,1/28/2016 4:00,2016,1,28,4,16,µg/m³,1 Hr,Valid
Guangzhou,PM2.5,1/28/2016 5:00,2016,1,28,5,9,µg/m³,1 Hr,Valid
Guangzhou,PM2.5,1/28/2016 6:00,2016,1,28,6,8,µg/m³,1 Hr,Valid
Guangzhou,PM2.5,1/28/2016 7:00,2016,1,28,7,8,µg/m³,1 Hr,Valid
Guangzhou,PM2.5,1/28/2016 8:00,2016,1,28,8,13,µg/m³,1 Hr,Valid
Guangzhou,PM2.5,1/28/2016 9:00,2016,1,28,9,11,µg/m³,1 Hr,Valid
Guangzhou,PM2.5,1/28/2016 10:00,2016,1,28,10,13,µg/m³,1 Hr,Valid
Guangzhou,PM2.5,1/28/2016 11:00,2016,1,28,11,16,µg/m³,1 Hr,Valid
Guangzhou,PM2.5,1/28/2016 12:00,2016,1,28,12,19,µg/m³,1 Hr,Valid
Guangzhou,PM2.5,1/28/2016 13:00,2016,1,28,13,36,µg/m³,1 Hr,Valid
Guangzhou,PM2.5,1/28/2016 14:00,2016,1,28,14,38,µg/m³,1 Hr,Valid
Guangzhou,PM2.5,1/28/2016 15:00,2016,1,28,15,25,µg/m³,1 Hr,Valid
Guangzhou,PM2.5,1/28/2016 16:00,2016,1,28,16,24,µg/m³,1 Hr,Valid
Guangzhou,PM2.5,1/28/2016 17:00,2016,1,28,17,23,µg/m³,1 Hr,Valid
Guangzhou,PM2.5,1/28/2016 18:00,2016,1,28,18,27,µg/m³,1 Hr,Valid
Guangzhou,PM2.5,1/28/2016 19:00,2016,1,28,19,15,µg/m³,1 Hr,Valid
Guangzhou,PM2.5,1/28/2016 20:00,2016,1,28,20,14,µg/m³,1 Hr,Valid
Guangzhou,PM2.5,1/28/2016 21:00,2016,1,28,21,17,µg/m³,1 Hr,Valid
Guangzhou,PM2.5,1/28/2016 22:00,2016,1,28,22,9,µg/m³,1 Hr,Valid
Guangzhou,PM2.5,1/28/2016 23:00,2016,1,28,23,9,µg/m³,1 Hr,Valid
Guangzhou,PM2.5,1/29/2016 0:00,2016,1,29,0,10,µg/m³,1 Hr,Valid
Guangzhou,PM2.5,1/29/2016 1:00,2016,1,29,1,19,µg/m³,1 Hr,Valid
Guangzhou,PM2.5,1/29/2016 2:00,2016,1,29,2,6,µg/m³,1 Hr,Valid
Guangzhou,PM2.5,1/29/2016 3:00,2016,1,29,3,6,µg/m³,1 Hr,Valid
Guangzhou,PM2.5,1/29/2016 4:00,2016,1,29,4,8,µg/m³,1 Hr,Valid
Guangzhou,PM2.5,1/29/2016 5:00,2016,1,29,5,6,µg/m³,1 Hr,Valid
Guangzhou,PM2.5,1/29/2016 6:00,2016,1,29,6,4,µg/m³,1 Hr,Valid
Guangzhou,PM2.5,1/29/2016 7:00,2016,1,29,7,5,µg/m³,1 Hr,Valid
Guangzhou,PM2.5,1/29/2016 8:00,2016,1,29,8,8,µg/m³,1 Hr,Valid
Guangzhou,PM2.5,1/29/2016 9:00,2016,1,29,9,17,µg/m³,1 Hr,Valid
Guangzhou,PM2.5,1/29/2016 10:00,2016,1,29,10,24,µg/m³,1 Hr,Valid
Guangzhou,PM2.5,1/29/2016 11:00,2016,1,29,11,20,µg/m³,1 Hr,Valid
Guangzhou,PM2.5,1/29/2016 12:00,2016,1,29,12,16,µg/m³,1 Hr,Valid
Guangzhou,PM2.5,1/29/2016 13:00,2016,1,29,13,23,µg/m³,1 Hr,Valid
Guangzhou,PM2.5,1/29/2016 14:00,2016,1,29,14,18,µg/m³,1 Hr,Valid
Guangzhou,PM2.5,1/29/2016 15:00,2016,1,29,15,17,µg/m³,1 Hr,Valid
Guangzhou,PM2.5,1/29/2016 16:00,2016,1,29,16,12,µg/m³,1 Hr,Valid
Guangzhou,PM2.5,1/29/2016 17:00,2016,1,29,17,17,µg/m³,1 Hr,Valid
Guangzhou,PM2.5,1/29/2016 18:00,2016,1,29,18,20,µg/m³,1 Hr,Valid
Guangzhou,PM2.5,1/29/2016 19:00,2016,1,29,19,19,µg/m³,1 Hr,Valid
Guangzhou,PM2.5,1/29/2016 20:00,2016,1,29,20,29,µg/m³,1 Hr,Valid
Guangzhou,PM2.5,1/29/2016 21:00,2016,1,29,21,22,µg/m³,1 Hr,Valid
Guangzhou,PM2.5,1/29/2016 22:00,2016,1,29,22,22,µg/m³,1 Hr,Valid
Guangzhou,PM2.5,1/29/2016 23:00,2016,1,29,23,26,µg/m³,1 Hr,Valid
Guangzhou,PM2.5,1/30/2016 0:00,2016,1,30,0,26,µg/m³,1 Hr,Valid
Guangzhou,PM2.5,1/30/2016 1:00,2016,1,30,1,27,µg/m³,1 Hr,Valid
Guangzhou,PM2.5,1/30/2016 2:00,2016,1,30,2,25,µg/m³,1 Hr,Valid
Guangzhou,PM2.5,1/30/2016 3:00,2016,1,30,3,19,µg/m³,1 Hr,Valid
Guangzhou,PM2.5,1/30/2016 4:00,2016,1,30,4,20,µg/m³,1 Hr,Valid
Guangzhou,PM2.5,1/30/2016 5:00,2016,1,30,5,23,µg/m³,1 Hr,Valid
Guangzhou,PM2.5,1/30/2016 6:00,2016,1,30,6,20,µg/m³,1 Hr,Valid
Guangzhou,PM2.5,1/30/2016 7:00,2016,1,30,7,23,µg/m³,1 Hr,Valid
Guangzhou,PM2.5,1/30/2016 8:00,2016,1,30,8,18,µg/m³,1 Hr,Valid
Guangzhou,PM2.5,1/30/2016 9:00,2016,1,30,9,20,µg/m³,1 Hr,Valid
Guangzhou,PM2.5,1/30/2016 10:00,2016,1,30,10,21,µg/m³,1 Hr,Valid
Guangzhou,PM2.5,1/30/2016 11:00,2016,1,30,11,21,µg/m³,1 Hr,Valid
Guangzhou,PM2.5,1/30/2016 12:00,2016,1,30,12,16,µg/m³,1 Hr,Valid
Guangzhou,PM2.5,1/30/2016 13:00,2016,1,30,13,15,µg/m³,1 Hr,Valid
Guangzhou,PM2.5,1/30/2016 14:00,2016,1,30,14,18,µg/m³,1 Hr,Valid
Guangzhou,PM2.5,1/30/2016 15:00,2016,1,30,15,13,µg/m³,1 Hr,Valid
Guangzhou,PM2.5,1/30/2016 16:00,2016,1,30,16,12,µg/m³,1 Hr,Valid
Guangzhou,PM2.5,1/30/2016 17:00,2016,1,30,17,13,µg/m³,1 Hr,Valid
Guangzhou,PM2.5,1/30/2016 18:00,2016,1,30,18,17,µg/m³,1 Hr,Valid
Guangzhou,PM2.5,1/30/2016 19:00,2016,1,30,19,20,µg/m³,1 Hr,Valid
Guangzhou,PM2.5,1/30/2016 20:00,2016,1,30,20,21,µg/m³,1 Hr,Valid
Guangzhou,PM2.5,1/30/2016 21:00,2016,1,30,21,19,µg/m³,1 Hr,Valid
Guangzhou,PM2.5,1/30/2016 22:00,2016,1,30,22,12,µg/m³,1 Hr,Valid
Guangzhou,PM2.5,1/30/2016 23:00,2016,1,30,23,13,µg/m³,1 Hr,Valid
Guangzhou,PM2.5,1/31/2016 0:00,2016,1,31,0,11,µg/m³,1 Hr,Valid
Guangzhou,PM2.5,1/31/2016 1:00,2016,1,31,1,9,µg/m³,1 Hr,Valid
Guangzhou,PM2.5,1/31/2016 2:00,2016,1,31,2,10,µg/m³,1 Hr,Valid
Guangzhou,PM2.5,1/31/2016 3:00,2016,1,31,3,12,µg/m³,1 Hr,Valid
Guangzhou,PM2.5,1/31/2016 4:00,2016,1,31,4,14,µg/m³,1 Hr,Valid
Guangzhou,PM2.5,1/31/2016 5:00,2016,1,31,5,11,µg/m³,1 Hr,Valid
Guangzhou,PM2.5,1/31/2016 6:00,2016,1,31,6,15,µg/m³,1 Hr,Valid
Guangzhou,PM2.5,1/31/2016 7:00,2016,1,31,7,13,µg/m³,1 Hr,Valid
Guangzhou,PM2.5,1/31/2016 8:00,2016,1,31,8,15,µg/m³,1 Hr,Valid
Guangzhou,PM2.5,1/31/2016 9:00,2016,1,31,9,15,µg/m³,1 Hr,Valid
Guangzhou,PM2.5,1/31/2016 10:00,2016,1,31,10,23,µg/m³,1 Hr,Valid
Guangzhou,PM2.5,1/31/2016 11:00,2016,1,31,11,25,µg/m³,1 Hr,Valid
Guangzhou,PM2.5,1/31/2016 12:00,2016,1,31,12,28,µg/m³,1 Hr,Valid
Guangzhou,PM2.5,1/31/2016 13:00,2016,1,31,13,27,µg/m³,1 Hr,Valid
Guangzhou,PM2.5,1/31/2016 14:00,2016,1,31,14,23,µg/m³,1 Hr,Valid
Guangzhou,PM2.5,1/31/2016 15:00,2016,1,31,15,26,µg/m³,1 Hr,Valid
Guangzhou,PM2.5,1/31/2016 16:00,2016,1,31,16,22,µg/m³,1 Hr,Valid
Guangzhou,PM2.5,1/31/2016 17:00,2016,1,31,17,29,µg/m³,1 Hr,Valid
Guangzhou,PM2.5,1/31/2016 18:00,2016,1,31,18,33,µg/m³,1 Hr,Valid
Guangzhou,PM2.5,1/31/2016 19:00,2016,1,31,19,20,µg/m³,1 Hr,Valid
Guangzhou,PM2.5,1/31/2016 20:00,2016,1,31,20,14,µg/m³,1 Hr,Valid
Guangzhou,PM2.5,1/31/2016 21:00,2016,1,31,21,9,µg/m³,1 Hr,Valid
Guangzhou,PM2.5,1/31/2016 22:00,2016,1,31,22,7,µg/m³,1 Hr,Valid
Guangzhou,PM2.5,1/31/2016 23:00,2016,1,31,23,5,µg/m³,1 Hr,Valid
