A fact sheet with definitions and metadata for this dataset can be found at http://www.stateair.net/web/historical/1/5.html.,,,,,,,,,,
The U.S. Department of State Data Use Statement at http://www.stateair.net/web/historical/1/5.html applies to these and all data available from the Mission China air quality monitoring program.,,,,,,,,,,
,,,,,,,,,,
Site,Parameter,Date (LST),Year,Month,Day,Hour,Value,Unit,Duration,QC Name
Shenyang,PM2.5,1/1/2016 0:00,2016,1,1,0,218,µg/m³,1 Hr,Valid
Shenyang,PM2.5,1/1/2016 1:00,2016,1,1,1,170,µg/m³,1 Hr,Valid
Shenyang,PM2.5,1/1/2016 2:00,2016,1,1,2,93,µg/m³,1 Hr,Valid
Shenyang,PM2.5,1/1/2016 3:00,2016,1,1,3,83,µg/m³,1 Hr,Valid
Shenyang,PM2.5,1/1/2016 4:00,2016,1,1,4,97,µg/m³,1 Hr,Valid
Shenyang,PM2.5,1/1/2016 5:00,2016,1,1,5,105,µg/m³,1 Hr,Valid
Shenyang,PM2.5,1/1/2016 6:00,2016,1,1,6,128,µg/m³,1 Hr,Valid
Shenyang,PM2.5,1/1/2016 7:00,2016,1,1,7,134,µg/m³,1 Hr,Valid
Shenyang,PM2.5,1/1/2016 8:00,2016,1,1,8,129,µg/m³,1 Hr,Valid
Shenyang,PM2.5,1/1/2016 9:00,2016,1,1,9,128,µg/m³,1 Hr,Valid
Shenyang,PM2.5,1/1/2016 10:00,2016,1,1,10,114,µg/m³,1 Hr,Valid
Shenyang,PM2.5,1/1/2016 11:00,2016,1,1,11,118,µg/m³,1 Hr,Valid
Shenyang,PM2.5,1/1/2016 12:00,2016,1,1,12,116,µg/m³,1 Hr,Valid
Shenyang,PM2.5,1/1/2016 13:00,2016,1,1,13,120,µg/m³,1 Hr,Valid
Shenyang,PM2.5,1/1/2016 14:00,2016,1,1,14,131,µg/m³,1 Hr,Valid
Shenyang,PM2.5,1/1/2016 15:00,2016,1,1,15,122,µg/m³,1 Hr,Valid
Shenyang,PM2.5,1/1/2016 16:00,2016,1,1,16,125,µg/m³,1 Hr,Valid
Shenyang,PM2.5,1/1/2016 17:00,2016,1,1,17,107,µg/m³,1 Hr,Valid
Shenyang,PM2.5,1/1/2016 18:00,2016,1,1,18,113,µg/m³,1 Hr,Valid
Shenyang,PM2.5,1/1/2016 19:00,2016,1,1,19,129,µg/m³,1 Hr,Valid
Shenyang,PM2.5,1/1/2016 20:00,2016,1,1,20,119,µg/m³,1 Hr,Valid
Shenyang,PM2.5,1/1/2016 21:00,2016,1,1,21,119,µg/m³,1 Hr,Valid
Shenyang,PM2.5,1/1/2016 22:00,2016,1,1,22,137,µg/m³,1 Hr,Valid
Shenyang,PM2.5,1/1/2016 23:00,2016,1,1,23,156,µg/m³,1 Hr,Valid
Shenyang,PM2.5,1/2/2016 0:00,2016,1,2,0,156,µg/m³,1 Hr,Valid
Shenyang,PM2.5,1/2/2016 1:00,2016,1,2,1,152,µg/m³,1 Hr,Valid
Shenyang,PM2.5,1/2/2016 2:00,2016,1,2,2,160,µg/m³,1 Hr,Valid
Shenyang,PM2.5,1/2/2016 3:00,2016,1,2,3,149,µg/m³,1 Hr,Valid
Shenyang,PM2.5,1/2/2016 4:00,2016,1,2,4,145,µg/m³,1 Hr,Valid
Shenyang,PM2.5,1/2/2016 5:00,2016,1,2,5,163,µg/m³,1 Hr,Valid
Shenyang,PM2.5,1/2/2016 6:00,2016,1,2,6,184,µg/m³,1 Hr,Valid
Shenyang,PM2.5,1/2/2016 7:00,2016,1,2,7,199,µg/m³,1 Hr,Valid
Shenyang,PM2.5,1/2/2016 8:00,2016,1,2,8,170,µg/m³,1 Hr,Valid
Shenyang,PM2.5,1/2/2016 9:00,2016,1,2,9,113,µg/m³,1 Hr,Valid
Shenyang,PM2.5,1/2/2016 10:00,2016,1,2,10,129,µg/m³,1 Hr,Valid
Shenyang,PM2.5,1/2/2016 11:00,2016,1,2,11,142,µg/m³,1 Hr,Valid
Shenyang,PM2.5,1/2/2016 12:00,2016,1,2,12,124,µg/m³,1 Hr,Valid
Shenyang,PM2.5,1/2/2016 13:00,2016,1,2,13,142,µg/m³,1 Hr,Valid
Shenyang,PM2.5,1/2/2016 14:00,2016,1,2,14,148,µg/m³,1 Hr,Valid
Shenyang,PM2.5,1/2/2016 15:00,2016,1,2,15,116,µg/m³,1 Hr,Valid
Shenyang,PM2.5,1/2/2016 16:00,2016,1,2,16,129,µg/m³,1 Hr,Valid
Shenyang,PM2.5,1/2/2016 17:00,2016,1,2,17,180,µg/m³,1 Hr,Valid
Shenyang,PM2.5,1/2/2016 18:00,2016,1,2,18,151,µg/m³,1 Hr,Valid
Shenyang,PM2.5,1/2/2016 19:00,2016,1,2,19,132,µg/m³,1 Hr,Valid
Shenyang,PM2.5,1/2/2016 20:00,2016,1,2,20,132,µg/m³,1 Hr,Valid
Shenyang,PM2.5,1/2/2016 21:00,2016,1,2,21,122,µg/m³,1 Hr,Valid
Shenyang,PM2.5,1/2/2016 22:00,2016,1,2,22,132,µg/m³,1 Hr,Valid
Shenyang,PM2.5,1/2/2016 23:00,2016,1,2,23,142,µg/m³,1 Hr,Valid
Shenyang,PM2.5,1/3/2016 0:00,2016,1,3,0,135,µg/m³,1 Hr,Valid
Shenyang,PM2.5,1/3/2016 1:00,2016,1,3,1,114,µg/m³,1 Hr,Valid
Shenyang,PM2.5,1/3/2016 2:00,2016,1,3,2,112,µg/m³,1 Hr,Valid
Shenyang,PM2.5,1/3/2016 3:00,2016,1,3,3,113,µg/m³,1 Hr,Valid
Shenyang,PM2.5,1/3/2016 4:00,2016,1,3,4,114,µg/m³,1 Hr,Valid
Shenyang,PM2.5,1/3/2016 5:00,2016,1,3,5,119,µg/m³,1 Hr,Valid
Shenyang,PM2.5,1/3/2016 6:00,2016,1,3,6,112,µg/m³,1 Hr,Valid
Shenyang,PM2.5,1/3/2016 7:00,2016,1,3,7,112,µg/m³,1 Hr,Valid
Shenyang,PM2.5,1/3/2016 8:00,2016,1,3,8,107,µg/m³,1 Hr,Valid
Shenyang,PM2.5,1/3/2016 9:00,2016,1,3,9,95,µg/m³,1 Hr,Valid
Shenyang,PM2.5,1/3/2016 10:00,2016,1,3,10,119,µg/m³,1 Hr,Valid
Shenyang,PM2.5,1/3/2016 11:00,2016,1,3,11,102,µg/m³,1 Hr,Valid
Shenyang,PM2.5,1/3/2016 12:00,2016,1,3,12,130,µg/m³,1 Hr,Valid
Shenyang,PM2.5,1/3/2016 13:00,2016,1,3,13,63,µg/m³,1 Hr,Valid
Shenyang,PM2.5,1/3/2016 14:00,2016,1,3,14,60,µg/m³,1 Hr,Valid
Shenyang,PM2.5,1/3/2016 15:00,2016,1,3,15,62,µg/m³,1 Hr,Valid
Shenyang,PM2.5,1/3/2016 16:00,2016,1,3,16,64,µg/m³,1 Hr,Valid
Shenyang,PM2.5,1/3/2016 17:00,2016,1,3,17,74,µg/m³,1 Hr,Valid
Shenyang,PM2.5,1/3/2016 18:00,2016,1,3,18,90,µg/m³,1 Hr,Valid
Shenyang,PM2.5,1/3/2016 19:00,2016,1,3,19,89,µg/m³,1 Hr,Valid
Shenyang,PM2.5,1/3/2016 20:00,2016,1,3,20,79,µg/m³,1 Hr,Valid
Shenyang,PM2.5,1/3/2016 21:00,2016,1,3,21,83,µg/m³,1 Hr,Valid
Shenyang,PM2.5,1/3/2016 22:00,2016,1,3,22,81,µg/m³,1 Hr,Valid
Shenyang,PM2.5,1/3/2016 23:00,2016,1,3,23,99,µg/m³,1 Hr,Valid
Shenyang,PM2.5,1/4/2016 0:00,2016,1,4,0,76,µg/m³,1 Hr,Valid
Shenyang,PM2.5,1/4/2016 1:00,2016,1,4,1,71,µg/m³,1 Hr,Valid
Shenyang,PM2.5,1/4/2016 2:00,2016,1,4,2,130,µg/m³,1 Hr,Valid
Shenyang,PM2.5,1/4/2016 3:00,2016,1,4,3,83,µg/m³,1 Hr,Valid
Shenyang,PM2.5,1/4/2016 4:00,2016,1,4,4,55,µg/m³,1 Hr,Valid
Shenyang,PM2.5,1/4/2016 5:00,2016,1,4,5,56,µg/m³,1 Hr,Valid
Shenyang,PM2.5,1/4/2016 6:00,2016,1,4,6,58,µg/m³,1 Hr,Valid
Shenyang,PM2.5,1/4/2016 7:00,2016,1,4,7,59,µg/m³,1 Hr,Valid
Shenyang,PM2.5,1/4/2016 8:00,2016,1,4,8,85,µg/m³,1 Hr,Valid
Shenyang,PM2.5,1/4/2016 9:00,2016,1,4,9,79,µg/m³,1 Hr,Valid
Shenyang,PM2.5,1/4/2016 10:00,2016,1,4,10,77,µg/m³,1 Hr,Valid
Shenyang,PM2.5,1/4/2016 11:00,2016,1,4,11,89,µg/m³,1 Hr,Valid
Shenyang,PM2.5,1/4/2016 12:00,2016,1,4,12,58,µg/m³,1 Hr,Valid
Shenyang,PM2.5,1/4/2016 13:00,2016,1,4,13,56,µg/m³,1 Hr,Valid
Shenyang,PM2.5,1/4/2016 14:00,2016,1,4,14,31,µg/m³,1 Hr,Valid
Shenyang,PM2.5,1/4/2016 15:00,2016,1,4,15,22,µg/m³,1 Hr,Valid
Shenyang,PM2.5,1/4/2016 16:00,2016,1,4,16,25,µg/m³,1 Hr,Valid
Shenyang,PM2.5,1/4/2016 17:00,2016,1,4,17,27,µg/m³,1 Hr,Valid
Shenyang,PM2.5,1/4/2016 18:00,2016,1,4,18,33,µg/m³,1 Hr,Valid
Shenyang,PM2.5,1/4/2016 19:00,2016,1,4,19,42,µg/m³,1 Hr,Valid
Shenyang,PM2.5,1/4/2016 20:00,2016,1,4,20,37,µg/m³,1 Hr,Valid
Shenyang,PM2.5,1/4/2016 21:00,2016,1,4,21,50,µg/m³,1 Hr,Valid
Shenyang,PM2.5,1/4/2016 22:00,2016,1,4,22,55,µg/m³,1 Hr,Valid
Shenyang,PM2.5,1/4/2016 23:00,2016,1,4,23,62,µg/m³,1 Hr,Valid
Shenyang,PM2.5,1/5/2016 0:00,2016,1,5,0,53,µg/m³,1 Hr,Valid
Shenyang,PM2.5,1/5/2016 1:00,2016,1,5,1,40,µg/m³,1 Hr,Valid
Shenyang,PM2.5,1/5/2016 2:00,2016,1,5,2,42,µg/m³,1 Hr,Valid
Shenyang,PM2.5,1/5/2016 3:00,2016,1,5,3,32,µg/m³,1 Hr,Valid
Shenyang,PM2.5,1/5/2016 4:00,2016,1,5,4,25,µg/m³,1 Hr,Valid
Shenyang,PM2.5,1/5/2016 5:00,2016,1,5,5,31,µg/m³,1 Hr,Valid
Shenyang,PM2.5,1/5/2016 6:00,2016,1,5,6,26,µg/m³,1 Hr,Valid
Shenyang,PM2.5,1/5/2016 7:00,2016,1,5,7,32,µg/m³,1 Hr,Valid
Shenyang,PM2.5,1/5/2016 8:00,2016,1,5,8,26,µg/m³,1 Hr,Valid
Shenyang,PM2.5,1/5/2016 9:00,2016,1,5,9,28,µg/m³,1 Hr,Valid
Shenyang,PM2.5,1/5/2016 10:00,2016,1,5,10,29,µg/m³,1 Hr,Valid
Shenyang,PM2.5,1/5/2016 11:00,2016,1,5,11,41,µg/m³,1 Hr,Valid
Shenyang,PM2.5,1/5/2016 12:00,2016,1,5,12,37,µg/m³,1 Hr,Valid
Shenyang,PM2.5,1/5/2016 13:00,2016,1,5,13,19,µg/m³,1 Hr,Valid
Shenyang,PM2.5,1/5/2016 14:00,2016,1,5,14,24,µg/m³,1 Hr,Valid
Shenyang,PM2.5,1/5/2016 15:00,2016,1,5,15,29,µg/m³,1 Hr,Valid
Shenyang,PM2.5,1/5/2016 16:00,2016,1,5,16,43,µg/m³,1 Hr,Valid
Shenyang,PM2.5,1/5/2016 17:00,2016,1,5,17,61,µg/m³,1 Hr,Valid
Shenyang,PM2.5,1/5/2016 18:00,2016,1,5,18,82,µg/m³,1 Hr,Valid
Shenyang,PM2.5,1/5/2016 19:00,2016,1,5,19,96,µg/m³,1 Hr,Valid
Shenyang,PM2.5,1/5/2016 20:00,2016,1,5,20,107,µg/m³,1 Hr,Valid
Shenyang,PM2.5,1/5/2016 21:00,2016,1,5,21,94,µg/m³,1 Hr,Valid
Shenyang,PM2.5,1/5/2016 22:00,2016,1,5,22,80,µg/m³,1 Hr,Valid
Shenyang,PM2.5,1/5/2016 23:00,2016,1,5,23,65,µg/m³,1 Hr,Valid
Shenyang,PM2.5,1/6/2016 0:00,2016,1,6,0,56,µg/m³,1 Hr,Valid
Shenyang,PM2.5,1/6/2016 1:00,2016,1,6,1,50,µg/m³,1 Hr,Valid
Shenyang,PM2.5,1/6/2016 2:00,2016,1,6,2,58,µg/m³,1 Hr,Valid
Shenyang,PM2.5,1/6/2016 3:00,2016,1,6,3,69,µg/m³,1 Hr,Valid
Shenyang,PM2.5,1/6/2016 4:00,2016,1,6,4,78,µg/m³,1 Hr,Valid
Shenyang,PM2.5,1/6/2016 5:00,2016,1,6,5,53,µg/m³,1 Hr,Valid
Shenyang,PM2.5,1/6/2016 6:00,2016,1,6,6,46,µg/m³,1 Hr,Valid
Shenyang,PM2.5,1/6/2016 7:00,2016,1,6,7,52,µg/m³,1 Hr,Valid
Shenyang,PM2.5,1/6/2016 8:00,2016,1,6,8,49,µg/m³,1 Hr,Valid
Shenyang,PM2.5,1/6/2016 9:00,2016,1,6,9,42,µg/m³,1 Hr,Valid
Shenyang,PM2.5,1/6/2016 10:00,2016,1,6,10,28,µg/m³,1 Hr,Valid
Shenyang,PM2.5,1/6/2016 11:00,2016,1,6,11,29,µg/m³,1 Hr,Valid
Shenyang,PM2.5,1/6/2016 12:00,2016,1,6,12,35,µg/m³,1 Hr,Valid
Shenyang,PM2.5,1/6/2016 13:00,2016,1,6,13,31,µg/m³,1 Hr,Valid
Shenyang,PM2.5,1/6/2016 14:00,2016,1,6,14,32,µg/m³,1 Hr,Valid
Shenyang,PM2.5,1/6/2016 15:00,2016,1,6,15,45,µg/m³,1 Hr,Valid
Shenyang,PM2.5,1/6/2016 16:00,2016,1,6,16,38,µg/m³,1 Hr,Valid
Shenyang,PM2.5,1/6/2016 17:00,2016,1,6,17,39,µg/m³,1 Hr,Valid
Shenyang,PM2.5,1/6/2016 18:00,2016,1,6,18,51,µg/m³,1 Hr,Valid
Shenyang,PM2.5,1/6/2016 19:00,2016,1,6,19,61,µg/m³,1 Hr,Valid
Shenyang,PM2.5,1/6/2016 20:00,2016,1,6,20,70,µg/m³,1 Hr,Valid
Shenyang,PM2.5,1/6/2016 21:00,2016,1,6,21,80,µg/m³,1 Hr,Valid
Shenyang,PM2.5,1/6/2016 22:00,2016,1,6,22,59,µg/m³,1 Hr,Valid
Shenyang,PM2.5,1/6/2016 23:00,2016,1,6,23,47,µg/m³,1 Hr,Valid
Shenyang,PM2.5,1/7/2016 0:00,2016,1,7,0,49,µg/m³,1 Hr,Valid
Shenyang,PM2.5,1/7/2016 1:00,2016,1,7,1,79,µg/m³,1 Hr,Valid
Shenyang,PM2.5,1/7/2016 2:00,2016,1,7,2,60,µg/m³,1 Hr,Valid
Shenyang,PM2.5,1/7/2016 3:00,2016,1,7,3,44,µg/m³,1 Hr,Valid
Shenyang,PM2.5,1/7/2016 4:00,2016,1,7,4,35,µg/m³,1 Hr,Valid
Shenyang,PM2.5,1/7/2016 5:00,2016,1,7,5,32,µg/m³,1 Hr,Valid
Shenyang,PM2.5,1/7/2016 6:00,2016,1,7,6,29,µg/m³,1 Hr,Valid
Shenyang,PM2.5,1/7/2016 7:00,2016,1,7,7,28,µg/m³,1 Hr,Valid
Shenyang,PM2.5,1/7/2016 8:00,2016,1,7,8,26,µg/m³,1 Hr,Valid
Shenyang,PM2.5,1/7/2016 9:00,2016,1,7,9,67,µg/m³,1 Hr,Valid
Shenyang,PM2.5,1/7/2016 10:00,2016,1,7,10,66,µg/m³,1 Hr,Valid
Shenyang,PM2.5,1/7/2016 11:00,2016,1,7,11,64,µg/m³,1 Hr,Valid
Shenyang,PM2.5,1/7/2016 12:00,2016,1,7,12,48,µg/m³,1 Hr,Valid
Shenyang,PM2.5,1/7/2016 13:00,2016,1,7,13,39,µg/m³,1 Hr,Valid
Shenyang,PM2.5,1/7/2016 14:00,2016,1,7,14,54,µg/m³,1 Hr,Valid
Shenyang,PM2.5,1/7/2016 15:00,2016,1,7,15,44,µg/m³,1 Hr,Valid
Shenyang,PM2.5,1/7/2016 16:00,2016,1,7,16,81,µg/m³,1 Hr,Valid
Shenyang,PM2.5,1/7/2016 17:00,2016,1,7,17,103,µg/m³,1 Hr,Valid
Shenyang,PM2.5,1/7/2016 18:00,2016,1,7,18,110,µg/m³,1 Hr,Valid
Shenyang,PM2.5,1/7/2016 19:00,2016,1,7,19,144,µg/m³,1 Hr,Valid
Shenyang,PM2.5,1/7/2016 20:00,2016,1,7,20,165,µg/m³,1 Hr,Valid
Shenyang,PM2.5,1/7/2016 21:00,2016,1,7,21,155,µg/m³,1 Hr,Valid
Shenyang,PM2.5,1/7/2016 22:00,2016,1,7,22,118,µg/m³,1 Hr,Valid
Shenyang,PM2.5,1/7/2016 23:00,2016,1,7,23,107,µg/m³,1 Hr,Valid
Shenyang,PM2.5,1/8/2016 0:00,2016,1,8,0,116,µg/m³,1 Hr,Valid
Shenyang,PM2.5,1/8/2016 1:00,2016,1,8,1,123,µg/m³,1 Hr,Valid
Shenyang,PM2.5,1/8/2016 2:00,2016,1,8,2,58,µg/m³,1 Hr,Valid
Shenyang,PM2.5,1/8/2016 3:00,2016,1,8,3,50,µg/m³,1 Hr,Valid
Shenyang,PM2.5,1/8/2016 4:00,2016,1,8,4,40,µg/m³,1 Hr,Valid
Shenyang,PM2.5,1/8/2016 5:00,2016,1,8,5,40,µg/m³,1 Hr,Valid
Shenyang,PM2.5,1/8/2016 6:00,2016,1,8,6,35,µg/m³,1 Hr,Valid
Shenyang,PM2.5,1/8/2016 7:00,2016,1,8,7,39,µg/m³,1 Hr,Valid
Shenyang,PM2.5,1/8/2016 8:00,2016,1,8,8,36,µg/m³,1 Hr,Valid
Shenyang,PM2.5,1/8/2016 9:00,2016,1,8,9,36,µg/m³,1 Hr,Valid
Shenyang,PM2.5,1/8/2016 10:00,2016,1,8,10,41,µg/m³,1 Hr,Valid
Shenyang,PM2.5,1/8/2016 11:00,2016,1,8,11,49,µg/m³,1 Hr,Valid
Shenyang,PM2.5,1/8/2016 12:00,2016,1,8,12,32,µg/m³,1 Hr,Valid
Shenyang,PM2.5,1/8/2016 13:00,2016,1,8,13,43,µg/m³,1 Hr,Valid
Shenyang,PM2.5,1/8/2016 14:00,2016,1,8,14,45,µg/m³,1 Hr,Valid
Shenyang,PM2.5,1/8/2016 15:00,2016,1,8,15,58,µg/m³,1 Hr,Valid
Shenyang,PM2.5,1/8/2016 16:00,2016,1,8,16,58,µg/m³,1 Hr,Valid
Shenyang,PM2.5,1/8/2016 17:00,2016,1,8,17,61,µg/m³,1 Hr,Valid
Shenyang,PM2.5,1/8/2016 18:00,2016,1,8,18,102,µg/m³,1 Hr,Valid
Shenyang,PM2.5,1/8/2016 19:00,2016,1,8,19,89,µg/m³,1 Hr,Valid
Shenyang,PM2.5,1/8/2016 20:00,2016,1,8,20,112,µg/m³,1 Hr,Valid
Shenyang,PM2.5,1/8/2016 21:00,2016,1,8,21,108,µg/m³,1 Hr,Valid
Shenyang,PM2.5,1/8/2016 22:00,2016,1,8,22,125,µg/m³,1 Hr,Valid
Shenyang,PM2.5,1/8/2016 23:00,2016,1,8,23,129,µg/m³,1 Hr,Valid
Shenyang,PM2.5,1/9/2016 0:00,2016,1,9,0,120,µg/m³,1 Hr,Valid
Shenyang,PM2.5,1/9/2016 1:00,2016,1,9,1,114,µg/m³,1 Hr,Valid
Shenyang,PM2.5,1/9/2016 2:00,2016,1,9,2,116,µg/m³,1 Hr,Valid
Shenyang,PM2.5,1/9/2016 3:00,2016,1,9,3,125,µg/m³,1 Hr,Valid
Shenyang,PM2.5,1/9/2016 4:00,2016,1,9,4,124,µg/m³,1 Hr,Valid
Shenyang,PM2.5,1/9/2016 5:00,2016,1,9,5,107,µg/m³,1 Hr,Valid
Shenyang,PM2.5,1/9/2016 6:00,2016,1,9,6,147,µg/m³,1 Hr,Valid
Shenyang,PM2.5,1/9/2016 7:00,2016,1,9,7,205,µg/m³,1 Hr,Valid
Shenyang,PM2.5,1/9/2016 8:00,2016,1,9,8,209,µg/m³,1 Hr,Valid
Shenyang,PM2.5,1/9/2016 9:00,2016,1,9,9,201,µg/m³,1 Hr,Valid
Shenyang,PM2.5,1/9/2016 10:00,2016,1,9,10,213,µg/m³,1 Hr,Valid
Shenyang,PM2.5,1/9/2016 11:00,2016,1,9,11,241,µg/m³,1 Hr,Valid
Shenyang,PM2.5,1/9/2016 12:00,2016,1,9,12,165,µg/m³,1 Hr,Valid
Shenyang,PM2.5,1/9/2016 13:00,2016,1,9,13,123,µg/m³,1 Hr,Valid
Shenyang,PM2.5,1/9/2016 14:00,2016,1,9,14,69,µg/m³,1 Hr,Valid
Shenyang,PM2.5,1/9/2016 15:00,2016,1,9,15,84,µg/m³,1 Hr,Valid
Shenyang,PM2.5,1/9/2016 16:00,2016,1,9,16,96,µg/m³,1 Hr,Valid
Shenyang,PM2.5,1/9/2016 17:00,2016,1,9,17,94,µg/m³,1 Hr,Valid
Shenyang,PM2.5,1/9/2016 18:00,2016,1,9,18,96,µg/m³,1 Hr,Valid
Shenyang,PM2.5,1/9/2016 19:00,2016,1,9,19,62,µg/m³,1 Hr,Valid
Shenyang,PM2.5,1/9/2016 20:00,2016,1,9,20,65,µg/m³,1 Hr,Valid
Shenyang,PM2.5,1/9/2016 21:00,2016,1,9,21,61,µg/m³,1 Hr,Valid
Shenyang,PM2.5,1/9/2016 22:00,2016,1,9,22,84,µg/m³,1 Hr,Valid
Shenyang,PM2.5,1/9/2016 23:00,2016,1,9,23,71,µg/m³,1 Hr,Valid
Shenyang,PM2.5,1/10/2016 0:00,2016,1,10,0,71,µg/m³,1 Hr,Valid
Shenyang,PM2.5,1/10/2016 1:00,2016,1,10,1,55,µg/m³,1 Hr,Valid
Shenyang,PM2.5,1/10/2016 2:00,2016,1,10,2,50,µg/m³,1 Hr,Valid
Shenyang,PM2.5,1/10/2016 3:00,2016,1,10,3,77,µg/m³,1 Hr,Valid
Shenyang,PM2.5,1/10/2016 4:00,2016,1,10,4,49,µg/m³,1 Hr,Valid
Shenyang,PM2.5,1/10/2016 5:00,2016,1,10,5,37,µg/m³,1 Hr,Valid
Shenyang,PM2.5,1/10/2016 6:00,2016,1,10,6,29,µg/m³,1 Hr,Valid
Shenyang,PM2.5,1/10/2016 7:00,2016,1,10,7,33,µg/m³,1 Hr,Valid
Shenyang,PM2.5,1/10/2016 8:00,2016,1,10,8,28,µg/m³,1 Hr,Valid
Shenyang,PM2.5,1/10/2016 9:00,2016,1,10,9,29,µg/m³,1 Hr,Valid
Shenyang,PM2.5,1/10/2016 10:00,2016,1,10,10,42,µg/m³,1 Hr,Valid
Shenyang,PM2.5,1/10/2016 11:00,2016,1,10,11,50,µg/m³,1 Hr,Valid
Shenyang,PM2.5,1/10/2016 12:00,2016,1,10,12,39,µg/m³,1 Hr,Valid
Shenyang,PM2.5,1/10/2016 13:00,2016,1,10,13,33,µg/m³,1 Hr,Valid
Shenyang,PM2.5,1/10/2016 14:00,2016,1,10,14,29,µg/m³,1 Hr,Valid
Shenyang,PM2.5,1/10/2016 15:00,2016,1,10,15,41,µg/m³,1 Hr,Valid
Shenyang,PM2.5,1/10/2016 16:00,2016,1,10,16,31,µg/m³,1 Hr,Valid
Shenyang,PM2.5,1/10/2016 17:00,2016,1,10,17,37,µg/m³,1 Hr,Valid
Shenyang,PM2.5,1/10/2016 18:00,2016,1,10,18,52,µg/m³,1 Hr,Valid
Shenyang,PM2.5,1/10/2016 19:00,2016,1,10,19,76,µg/m³,1 Hr,Valid
Shenyang,PM2.5,1/10/2016 20:00,2016,1,10,20,59,µg/m³,1 Hr,Valid
Shenyang,PM2.5,1/10/2016 21:00,2016,1,10,21,61,µg/m³,1 Hr,Valid
Shenyang,PM2.5,1/10/2016 22:00,2016,1,10,22,89,µg/m³,1 Hr,Valid
Shenyang,PM2.5,1/10/2016 23:00,2016,1,10,23,133,µg/m³,1 Hr,Valid
Shenyang,PM2.5,1/11/2016 0:00,2016,1,11,0,148,µg/m³,1 Hr,Valid
Shenyang,PM2.5,1/11/2016 1:00,2016,1,11,1,169,µg/m³,1 Hr,Valid
Shenyang,PM2.5,1/11/2016 2:00,2016,1,11,2,153,µg/m³,1 Hr,Valid
Shenyang,PM2.5,1/11/2016 3:00,2016,1,11,3,103,µg/m³,1 Hr,Valid
Shenyang,PM2.5,1/11/2016 4:00,2016,1,11,4,64,µg/m³,1 Hr,Valid
Shenyang,PM2.5,1/11/2016 5:00,2016,1,11,5,50,µg/m³,1 Hr,Valid
Shenyang,PM2.5,1/11/2016 6:00,2016,1,11,6,51,µg/m³,1 Hr,Valid
Shenyang,PM2.5,1/11/2016 7:00,2016,1,11,7,42,µg/m³,1 Hr,Valid
Shenyang,PM2.5,1/11/2016 8:00,2016,1,11,8,50,µg/m³,1 Hr,Valid
Shenyang,PM2.5,1/11/2016 9:00,2016,1,11,9,41,µg/m³,1 Hr,Valid
Shenyang,PM2.5,1/11/2016 10:00,2016,1,11,10,35,µg/m³,1 Hr,Valid
Shenyang,PM2.5,1/11/2016 11:00,2016,1,11,11,27,µg/m³,1 Hr,Valid
Shenyang,PM2.5,1/11/2016 12:00,2016,1,11,12,26,µg/m³,1 Hr,Valid
Shenyang,PM2.5,1/11/2016 13:00,2016,1,11,13,36,µg/m³,1 Hr,Valid
Shenyang,PM2.5,1/11/2016 14:00,2016,1,11,14,36,µg/m³,1 Hr,Valid
Shenyang,PM2.5,1/11/2016 15:00,2016,1,11,15,45,µg/m³,1 Hr,Valid
Shenyang,PM2.5,1/11/2016 16:00,2016,1,11,16,44,µg/m³,1 Hr,Valid
Shenyang,PM2.5,1/11/2016 17:00,2016,1,11,17,42,µg/m³,1 Hr,Valid
Shenyang,PM2.5,1/11/2016 18:00,2016,1,11,18,34,µg/m³,1 Hr,Valid
Shenyang,PM2.5,1/11/2016 19:00,2016,1,11,19,38,µg/m³,1 Hr,Valid
Shenyang,PM2.5,1/11/2016 20:00,2016,1,11,20,57,µg/m³,1 Hr,Valid
Shenyang,PM2.5,1/11/2016 21:00,2016,1,11,21,102,µg/m³,1 Hr,Valid
Shenyang,PM2.5,1/11/2016 22:00,2016,1,11,22,67,µg/m³,1 Hr,Valid
Shenyang,PM2.5,1/11/2016 23:00,2016,1,11,23,54,µg/m³,1 Hr,Valid
Shenyang,PM2.5,1/12/2016 0:00,2016,1,12,0,61,µg/m³,1 Hr,Valid
Shenyang,PM2.5,1/12/2016 1:00,2016,1,12,1,79,µg/m³,1 Hr,Valid
Shenyang,PM2.5,1/12/2016 2:00,2016,1,12,2,133,µg/m³,1 Hr,Valid
Shenyang,PM2.5,1/12/2016 3:00,2016,1,12,3,148,µg/m³,1 Hr,Valid
Shenyang,PM2.5,1/12/2016 4:00,2016,1,12,4,148,µg/m³,1 Hr,Valid
Shenyang,PM2.5,1/12/2016 5:00,2016,1,12,5,58,µg/m³,1 Hr,Valid
Shenyang,PM2.5,1/12/2016 6:00,2016,1,12,6,47,µg/m³,1 Hr,Valid
Shenyang,PM2.5,1/12/2016 7:00,2016,1,12,7,196,µg/m³,1 Hr,Valid
Shenyang,PM2.5,1/12/2016 8:00,2016,1,12,8,202,µg/m³,1 Hr,Valid
Shenyang,PM2.5,1/12/2016 9:00,2016,1,12,9,33,µg/m³,1 Hr,Valid
Shenyang,PM2.5,1/12/2016 10:00,2016,1,12,10,45,µg/m³,1 Hr,Valid
Shenyang,PM2.5,1/12/2016 11:00,2016,1,12,11,37,µg/m³,1 Hr,Valid
Shenyang,PM2.5,1/12/2016 12:00,2016,1,12,12,33,µg/m³,1 Hr,Valid
Shenyang,PM2.5,1/12/2016 13:00,2016,1,12,13,44,µg/m³,1 Hr,Valid
Shenyang,PM2.5,1/12/2016 14:00,2016,1,12,14,39,µg/m³,1 Hr,Valid
Shenyang,PM2.5,1/12/2016 15:00,2016,1,12,15,44,µg/m³,1 Hr,Valid
Shenyang,PM2.5,1/12/2016 16:00,2016,1,12,16,52,µg/m³,1 Hr,Valid
Shenyang,PM2.5,1/12/2016 17:00,2016,1,12,17,67,µg/m³,1 Hr,Valid
Shenyang,PM2.5,1/12/2016 18:00,2016,1,12,18,92,µg/m³,1 Hr,Valid
Shenyang,PM2.5,1/12/2016 19:00,2016,1,12,19,106,µg/m³,1 Hr,Valid
Shenyang,PM2.5,1/12/2016 20:00,2016,1,12,20,121,µg/m³,1 Hr,Valid
Shenyang,PM2.5,1/12/2016 21:00,2016,1,12,21,132,µg/m³,1 Hr,Valid
Shenyang,PM2.5,1/12/2016 22:00,2016,1,12,22,131,µg/m³,1 Hr,Valid
Shenyang,PM2.5,1/12/2016 23:00,2016,1,12,23,113,µg/m³,1 Hr,Valid
Shenyang,PM2.5,1/13/2016 0:00,2016,1,13,0,110,µg/m³,1 Hr,Valid
Shenyang,PM2.5,1/13/2016 1:00,2016,1,13,1,112,µg/m³,1 Hr,Valid
Shenyang,PM2.5,1/13/2016 2:00,2016,1,13,2,108,µg/m³,1 Hr,Valid
Shenyang,PM2.5,1/13/2016 3:00,2016,1,13,3,112,µg/m³,1 Hr,Valid
Shenyang,PM2.5,1/13/2016 4:00,2016,1,13,4,110,µg/m³,1 Hr,Valid
Shenyang,PM2.5,1/13/2016 5:00,2016,1,13,5,43,µg/m³,1 Hr,Valid
Shenyang,PM2.5,1/13/2016 6:00,2016,1,13,6,33,µg/m³,1 Hr,Valid
Shenyang,PM2.5,1/13/2016 7:00,2016,1,13,7,32,µg/m³,1 Hr,Valid
Shenyang,PM2.5,1/13/2016 8:00,2016,1,13,8,40,µg/m³,1 Hr,Valid
Shenyang,PM2.5,1/13/2016 9:00,2016,1,13,9,45,µg/m³,1 Hr,Valid
Shenyang,PM2.5,1/13/2016 10:00,2016,1,13,10,35,µg/m³,1 Hr,Valid
Shenyang,PM2.5,1/13/2016 11:00,2016,1,13,11,25,µg/m³,1 Hr,Valid
Shenyang,PM2.5,1/13/2016 12:00,2016,1,13,12,24,µg/m³,1 Hr,Valid
Shenyang,PM2.5,1/13/2016 13:00,2016,1,13,13,34,µg/m³,1 Hr,Valid
Shenyang,PM2.5,1/13/2016 14:00,2016,1,13,14,37,µg/m³,1 Hr,Valid
Shenyang,PM2.5,1/13/2016 15:00,2016,1,13,15,35,µg/m³,1 Hr,Valid
Shenyang,PM2.5,1/13/2016 16:00,2016,1,13,16,29,µg/m³,1 Hr,Valid
Shenyang,PM2.5,1/13/2016 17:00,2016,1,13,17,44,µg/m³,1 Hr,Valid
Shenyang,PM2.5,1/13/2016 18:00,2016,1,13,18,32,µg/m³,1 Hr,Valid
Shenyang,PM2.5,1/13/2016 19:00,2016,1,13,19,42,µg/m³,1 Hr,Valid
Shenyang,PM2.5,1/13/2016 20:00,2016,1,13,20,74,µg/m³,1 Hr,Valid
Shenyang,PM2.5,1/13/2016 21:00,2016,1,13,21,92,µg/m³,1 Hr,Valid
Shenyang,PM2.5,1/13/2016 22:00,2016,1,13,22,116,µg/m³,1 Hr,Valid
Shenyang,PM2.5,1/13/2016 23:00,2016,1,13,23,125,µg/m³,1 Hr,Valid
Shenyang,PM2.5,1/14/2016 0:00,2016,1,14,0,139,µg/m³,1 Hr,Valid
Shenyang,PM2.5,1/14/2016 1:00,2016,1,14,1,143,µg/m³,1 Hr,Valid
Shenyang,PM2.5,1/14/2016 2:00,2016,1,14,2,139,µg/m³,1 Hr,Valid
Shenyang,PM2.5,1/14/2016 3:00,2016,1,14,3,141,µg/m³,1 Hr,Valid
Shenyang,PM2.5,1/14/2016 4:00,2016,1,14,4,138,µg/m³,1 Hr,Valid
Shenyang,PM2.5,1/14/2016 5:00,2016,1,14,5,125,µg/m³,1 Hr,Valid
Shenyang,PM2.5,1/14/2016 6:00,2016,1,14,6,196,µg/m³,1 Hr,Valid
Shenyang,PM2.5,1/14/2016 7:00,2016,1,14,7,260,µg/m³,1 Hr,Valid
Shenyang,PM2.5,1/14/2016 8:00,2016,1,14,8,245,µg/m³,1 Hr,Valid
Shenyang,PM2.5,1/14/2016 9:00,2016,1,14,9,237,µg/m³,1 Hr,Valid
Shenyang,PM2.5,1/14/2016 10:00,2016,1,14,10,212,µg/m³,1 Hr,Valid
Shenyang,PM2.5,1/14/2016 11:00,2016,1,14,11,123,µg/m³,1 Hr,Valid
Shenyang,PM2.5,1/14/2016 12:00,2016,1,14,12,74,µg/m³,1 Hr,Valid
Shenyang,PM2.5,1/14/2016 13:00,2016,1,14,13,78,µg/m³,1 Hr,Valid
Shenyang,PM2.5,1/14/2016 14:00,2016,1,14,14,34,µg/m³,1 Hr,Valid
Shenyang,PM2.5,1/14/2016 15:00,2016,1,14,15,43,µg/m³,1 Hr,Valid
Shenyang,PM2.5,1/14/2016 16:00,2016,1,14,16,52,µg/m³,1 Hr,Valid
Shenyang,PM2.5,1/14/2016 17:00,2016,1,14,17,65,µg/m³,1 Hr,Valid
Shenyang,PM2.5,1/14/2016 18:00,2016,1,14,18,71,µg/m³,1 Hr,Valid
Shenyang,PM2.5,1/14/2016 19:00,2016,1,14,19,71,µg/m³,1 Hr,Valid
Shenyang,PM2.5,1/14/2016 20:00,2016,1,14,20,74,µg/m³,1 Hr,Valid
Shenyang,PM2.5,1/14/2016 21:00,2016,1,14,21,78,µg/m³,1 Hr,Valid
Shenyang,PM2.5,1/14/2016 22:00,2016,1,14,22,105,µg/m³,1 Hr,Valid
Shenyang,PM2.5,1/14/2016 23:00,2016,1,14,23,120,µg/m³,1 Hr,Valid
Shenyang,PM2.5,1/15/2016 0:00,2016,1,15,0,153,µg/m³,1 Hr,Valid
Shenyang,PM2.5,1/15/2016 1:00,2016,1,15,1,138,µg/m³,1 Hr,Valid
Shenyang,PM2.5,1/15/2016 2:00,2016,1,15,2,152,µg/m³,1 Hr,Valid
Shenyang,PM2.5,1/15/2016 3:00,2016,1,15,3,169,µg/m³,1 Hr,Valid
Shenyang,PM2.5,1/15/2016 4:00,2016,1,15,4,165,µg/m³,1 Hr,Valid
Shenyang,PM2.5,1/15/2016 5:00,2016,1,15,5,170,µg/m³,1 Hr,Valid
Shenyang,PM2.5,1/15/2016 6:00,2016,1,15,6,168,µg/m³,1 Hr,Valid
Shenyang,PM2.5,1/15/2016 7:00,2016,1,15,7,178,µg/m³,1 Hr,Valid
Shenyang,PM2.5,1/15/2016 8:00,2016,1,15,8,158,µg/m³,1 Hr,Valid
Shenyang,PM2.5,1/15/2016 9:00,2016,1,15,9,157,µg/m³,1 Hr,Valid
Shenyang,PM2.5,1/15/2016 10:00,2016,1,15,10,166,µg/m³,1 Hr,Valid
Shenyang,PM2.5,1/15/2016 11:00,2016,1,15,11,147,µg/m³,1 Hr,Valid
Shenyang,PM2.5,1/15/2016 12:00,2016,1,15,12,148,µg/m³,1 Hr,Valid
Shenyang,PM2.5,1/15/2016 13:00,2016,1,15,13,162,µg/m³,1 Hr,Valid
Shenyang,PM2.5,1/15/2016 14:00,2016,1,15,14,107,µg/m³,1 Hr,Valid
Shenyang,PM2.5,1/15/2016 15:00,2016,1,15,15,100,µg/m³,1 Hr,Valid
Shenyang,PM2.5,1/15/2016 16:00,2016,1,15,16,105,µg/m³,1 Hr,Valid
Shenyang,PM2.5,1/15/2016 17:00,2016,1,15,17,148,µg/m³,1 Hr,Valid
Shenyang,PM2.5,1/15/2016 18:00,2016,1,15,18,101,µg/m³,1 Hr,Valid
Shenyang,PM2.5,1/15/2016 19:00,2016,1,15,19,141,µg/m³,1 Hr,Valid
Shenyang,PM2.5,1/15/2016 20:00,2016,1,15,20,164,µg/m³,1 Hr,Valid
Shenyang,PM2.5,1/15/2016 21:00,2016,1,15,21,174,µg/m³,1 Hr,Valid
Shenyang,PM2.5,1/15/2016 22:00,2016,1,15,22,128,µg/m³,1 Hr,Valid
Shenyang,PM2.5,1/15/2016 23:00,2016,1,15,23,123,µg/m³,1 Hr,Valid
Shenyang,PM2.5,1/16/2016 0:00,2016,1,16,0,138,µg/m³,1 Hr,Valid
Shenyang,PM2.5,1/16/2016 1:00,2016,1,16,1,146,µg/m³,1 Hr,Valid
Shenyang,PM2.5,1/16/2016 2:00,2016,1,16,2,167,µg/m³,1 Hr,Valid
Shenyang,PM2.5,1/16/2016 3:00,2016,1,16,3,156,µg/m³,1 Hr,Valid
Shenyang,PM2.5,1/16/2016 4:00,2016,1,16,4,152,µg/m³,1 Hr,Valid
Shenyang,PM2.5,1/16/2016 5:00,2016,1,16,5,137,µg/m³,1 Hr,Valid
Shenyang,PM2.5,1/16/2016 6:00,2016,1,16,6,145,µg/m³,1 Hr,Valid
Shenyang,PM2.5,1/16/2016 7:00,2016,1,16,7,141,µg/m³,1 Hr,Valid
Shenyang,PM2.5,1/16/2016 8:00,2016,1,16,8,152,µg/m³,1 Hr,Valid
Shenyang,PM2.5,1/16/2016 9:00,2016,1,16,9,164,µg/m³,1 Hr,Valid
Shenyang,PM2.5,1/16/2016 10:00,2016,1,16,10,154,µg/m³,1 Hr,Valid
Shenyang,PM2.5,1/16/2016 11:00,2016,1,16,11,158,µg/m³,1 Hr,Valid
Shenyang,PM2.5,1/16/2016 12:00,2016,1,16,12,154,µg/m³,1 Hr,Valid
Shenyang,PM2.5,1/16/2016 13:00,2016,1,16,13,139,µg/m³,1 Hr,Valid
Shenyang,PM2.5,1/16/2016 14:00,2016,1,16,14,122,µg/m³,1 Hr,Valid
Shenyang,PM2.5,1/16/2016 15:00,2016,1,16,15,123,µg/m³,1 Hr,Valid
Shenyang,PM2.5,1/16/2016 16:00,2016,1,16,16,122,µg/m³,1 Hr,Valid
Shenyang,PM2.5,1/16/2016 17:00,2016,1,16,17,122,µg/m³,1 Hr,Valid
Shenyang,PM2.5,1/16/2016 18:00,2016,1,16,18,123,µg/m³,1 Hr,Valid
Shenyang,PM2.5,1/16/2016 19:00,2016,1,16,19,109,µg/m³,1 Hr,Valid
Shenyang,PM2.5,1/16/2016 20:00,2016,1,16,20,122,µg/m³,1 Hr,Valid
Shenyang,PM2.5,1/16/2016 21:00,2016,1,16,21,117,µg/m³,1 Hr,Valid
Shenyang,PM2.5,1/16/2016 22:00,2016,1,16,22,136,µg/m³,1 Hr,Valid
Shenyang,PM2.5,1/16/2016 23:00,2016,1,16,23,134,µg/m³,1 Hr,Valid
Shenyang,PM2.5,1/17/2016 0:00,2016,1,17,0,137,µg/m³,1 Hr,Valid
Shenyang,PM2.5,1/17/2016 1:00,2016,1,17,1,124,µg/m³,1 Hr,Valid
Shenyang,PM2.5,1/17/2016 2:00,2016,1,17,2,122,µg/m³,1 Hr,Valid
Shenyang,PM2.5,1/17/2016 3:00,2016,1,17,3,115,µg/m³,1 Hr,Valid
Shenyang,PM2.5,1/17/2016 4:00,2016,1,17,4,109,µg/m³,1 Hr,Valid
Shenyang,PM2.5,1/17/2016 5:00,2016,1,17,5,106,µg/m³,1 Hr,Valid
Shenyang,PM2.5,1/17/2016 6:00,2016,1,17,6,111,µg/m³,1 Hr,Valid
Shenyang,PM2.5,1/17/2016 7:00,2016,1,17,7,98,µg/m³,1 Hr,Valid
Shenyang,PM2.5,1/17/2016 8:00,2016,1,17,8,81,µg/m³,1 Hr,Valid
Shenyang,PM2.5,1/17/2016 9:00,2016,1,17,9,66,µg/m³,1 Hr,Valid
Shenyang,PM2.5,1/17/2016 10:00,2016,1,17,10,71,µg/m³,1 Hr,Valid
Shenyang,PM2.5,1/17/2016 11:00,2016,1,17,11,60,µg/m³,1 Hr,Valid
Shenyang,PM2.5,1/17/2016 12:00,2016,1,17,12,43,µg/m³,1 Hr,Valid
Shenyang,PM2.5,1/17/2016 13:00,2016,1,17,13,38,µg/m³,1 Hr,Valid
Shenyang,PM2.5,1/17/2016 14:00,2016,1,17,14,42,µg/m³,1 Hr,Valid
Shenyang,PM2.5,1/17/2016 15:00,2016,1,17,15,40,µg/m³,1 Hr,Valid
Shenyang,PM2.5,1/17/2016 16:00,2016,1,17,16,54,µg/m³,1 Hr,Valid
Shenyang,PM2.5,1/17/2016 17:00,2016,1,17,17,63,µg/m³,1 Hr,Valid
Shenyang,PM2.5,1/17/2016 18:00,2016,1,17,18,59,µg/m³,1 Hr,Valid
Shenyang,PM2.5,1/17/2016 19:00,2016,1,17,19,51,µg/m³,1 Hr,Valid
Shenyang,PM2.5,1/17/2016 20:00,2016,1,17,20,48,µg/m³,1 Hr,Valid
Shenyang,PM2.5,1/17/2016 21:00,2016,1,17,21,47,µg/m³,1 Hr,Valid
Shenyang,PM2.5,1/17/2016 22:00,2016,1,17,22,37,µg/m³,1 Hr,Valid
Shenyang,PM2.5,1/17/2016 23:00,2016,1,17,23,29,µg/m³,1 Hr,Valid
Shenyang,PM2.5,1/18/2016 0:00,2016,1,18,0,35,µg/m³,1 Hr,Valid
Shenyang,PM2.5,1/18/2016 1:00,2016,1,18,1,23,µg/m³,1 Hr,Valid
Shenyang,PM2.5,1/18/2016 2:00,2016,1,18,2,22,µg/m³,1 Hr,Valid
Shenyang,PM2.5,1/18/2016 3:00,2016,1,18,3,35,µg/m³,1 Hr,Valid
Shenyang,PM2.5,1/18/2016 4:00,2016,1,18,4,45,µg/m³,1 Hr,Valid
Shenyang,PM2.5,1/18/2016 5:00,2016,1,18,5,50,µg/m³,1 Hr,Valid
Shenyang,PM2.5,1/18/2016 6:00,2016,1,18,6,46,µg/m³,1 Hr,Valid
Shenyang,PM2.5,1/18/2016 7:00,2016,1,18,7,44,µg/m³,1 Hr,Valid
Shenyang,PM2.5,1/18/2016 8:00,2016,1,18,8,53,µg/m³,1 Hr,Valid
Shenyang,PM2.5,1/18/2016 9:00,2016,1,18,9,52,µg/m³,1 Hr,Valid
Shenyang,PM2.5,1/18/2016 10:00,2016,1,18,10,48,µg/m³,1 Hr,Valid
Shenyang,PM2.5,1/18/2016 11:00,2016,1,18,11,34,µg/m³,1 Hr,Valid
Shenyang,PM2.5,1/18/2016 12:00,2016,1,18,12,27,µg/m³,1 Hr,Valid
Shenyang,PM2.5,1/18/2016 13:00,2016,1,18,13,22,µg/m³,1 Hr,Valid
Shenyang,PM2.5,1/18/2016 14:00,2016,1,18,14,25,µg/m³,1 Hr,Valid
Shenyang,PM2.5,1/18/2016 15:00,2016,1,18,15,22,µg/m³,1 Hr,Valid
Shenyang,PM2.5,1/18/2016 16:00,2016,1,18,16,20,µg/m³,1 Hr,Valid
Shenyang,PM2.5,1/18/2016 17:00,2016,1,18,17,29,µg/m³,1 Hr,Valid
Shenyang,PM2.5,1/18/2016 18:00,2016,1,18,18,28,µg/m³,1 Hr,Valid
Shenyang,PM2.5,1/18/2016 19:00,2016,1,18,19,49,µg/m³,1 Hr,Valid
Shenyang,PM2.5,1/18/2016 20:00,2016,1,18,20,45,µg/m³,1 Hr,Valid
Shenyang,PM2.5,1/18/2016 21:00,2016,1,18,21,45,µg/m³,1 Hr,Valid
Shenyang,PM2.5,1/18/2016 22:00,2016,1,18,22,28,µg/m³,1 Hr,Valid
Shenyang,PM2.5,1/18/2016 23:00,2016,1,18,23,28,µg/m³,1 Hr,Valid
Shenyang,PM2.5,1/19/2016 0:00,2016,1,19,0,39,µg/m³,1 Hr,Valid
Shenyang,PM2.5,1/19/2016 1:00,2016,1,19,1,38,µg/m³,1 Hr,Valid
Shenyang,PM2.5,1/19/2016 2:00,2016,1,19,2,46,µg/m³,1 Hr,Valid
Shenyang,PM2.5,1/19/2016 3:00,2016,1,19,3,53,µg/m³,1 Hr,Valid
Shenyang,PM2.5,1/19/2016 4:00,2016,1,19,4,52,µg/m³,1 Hr,Valid
Shenyang,PM2.5,1/19/2016 5:00,2016,1,19,5,57,µg/m³,1 Hr,Valid
Shenyang,PM2.5,1/19/2016 6:00,2016,1,19,6,63,µg/m³,1 Hr,Valid
Shenyang,PM2.5,1/19/2016 7:00,2016,1,19,7,74,µg/m³,1 Hr,Valid
Shenyang,PM2.5,1/19/2016 8:00,2016,1,19,8,80,µg/m³,1 Hr,Valid
Shenyang,PM2.5,1/19/2016 9:00,2016,1,19,9,82,µg/m³,1 Hr,Valid
Shenyang,PM2.5,1/19/2016 10:00,2016,1,19,10,80,µg/m³,1 Hr,Valid
Shenyang,PM2.5,1/19/2016 11:00,2016,1,19,11,61,µg/m³,1 Hr,Valid
Shenyang,PM2.5,1/19/2016 12:00,2016,1,19,12,44,µg/m³,1 Hr,Valid
Shenyang,PM2.5,1/19/2016 13:00,2016,1,19,13,36,µg/m³,1 Hr,Valid
Shenyang,PM2.5,1/19/2016 14:00,2016,1,19,14,36,µg/m³,1 Hr,Valid
Shenyang,PM2.5,1/19/2016 15:00,2016,1,19,15,33,µg/m³,1 Hr,Valid
Shenyang,PM2.5,1/19/2016 16:00,2016,1,19,16,33,µg/m³,1 Hr,Valid
Shenyang,PM2.5,1/19/2016 17:00,2016,1,19,17,25,µg/m³,1 Hr,Valid
Shenyang,PM2.5,1/19/2016 18:00,2016,1,19,18,38,µg/m³,1 Hr,Valid
Shenyang,PM2.5,1/19/2016 19:00,2016,1,19,19,42,µg/m³,1 Hr,Valid
Shenyang,PM2.5,1/19/2016 20:00,2016,1,19,20,48,µg/m³,1 Hr,Valid
Shenyang,PM2.5,1/19/2016 21:00,2016,1,19,21,44,µg/m³,1 Hr,Valid
Shenyang,PM2.5,1/19/2016 22:00,2016,1,19,22,36,µg/m³,1 Hr,Valid
Shenyang,PM2.5,1/19/2016 23:00,2016,1,19,23,33,µg/m³,1 Hr,Valid
Shenyang,PM2.5,1/20/2016 0:00,2016,1,20,0,48,µg/m³,1 Hr,Valid
Shenyang,PM2.5,1/20/2016 1:00,2016,1,20,1,52,µg/m³,1 Hr,Valid
Shenyang,PM2.5,1/20/2016 2:00,2016,1,20,2,60,µg/m³,1 Hr,Valid
Shenyang,PM2.5,1/20/2016 3:00,2016,1,20,3,89,µg/m³,1 Hr,Valid
Shenyang,PM2.5,1/20/2016 4:00,2016,1,20,4,73,µg/m³,1 Hr,Valid
Shenyang,PM2.5,1/20/2016 5:00,2016,1,20,5,88,µg/m³,1 Hr,Valid
Shenyang,PM2.5,1/20/2016 6:00,2016,1,20,6,147,µg/m³,1 Hr,Valid
Shenyang,PM2.5,1/20/2016 7:00,2016,1,20,7,219,µg/m³,1 Hr,Valid
Shenyang,PM2.5,1/20/2016 8:00,2016,1,20,8,253,µg/m³,1 Hr,Valid
Shenyang,PM2.5,1/20/2016 9:00,2016,1,20,9,278,µg/m³,1 Hr,Valid
Shenyang,PM2.5,1/20/2016 10:00,2016,1,20,10,252,µg/m³,1 Hr,Valid
Shenyang,PM2.5,1/20/2016 11:00,2016,1,20,11,-999,µg/m³,1 Hr,Missing
Shenyang,PM2.5,1/20/2016 12:00,2016,1,20,12,128,µg/m³,1 Hr,Valid
Shenyang,PM2.5,1/20/2016 13:00,2016,1,20,13,-999,µg/m³,1 Hr,Missing
Shenyang,PM2.5,1/20/2016 14:00,2016,1,20,14,-999,µg/m³,1 Hr,Missing
Shenyang,PM2.5,1/20/2016 15:00,2016,1,20,15,-999,µg/m³,1 Hr,Missing
Shenyang,PM2.5,1/20/2016 16:00,2016,1,20,16,44,µg/m³,1 Hr,Valid
Shenyang,PM2.5,1/20/2016 17:00,2016,1,20,17,74,µg/m³,1 Hr,Valid
Shenyang,PM2.5,1/20/2016 18:00,2016,1,20,18,70,µg/m³,1 Hr,Valid
Shenyang,PM2.5,1/20/2016 19:00,2016,1,20,19,62,µg/m³,1 Hr,Valid
Shenyang,PM2.5,1/20/2016 20:00,2016,1,20,20,61,µg/m³,1 Hr,Valid
Shenyang,PM2.5,1/20/2016 21:00,2016,1,20,21,61,µg/m³,1 Hr,Valid
Shenyang,PM2.5,1/20/2016 22:00,2016,1,20,22,58,µg/m³,1 Hr,Valid
Shenyang,PM2.5,1/20/2016 23:00,2016,1,20,23,87,µg/m³,1 Hr,Valid
Shenyang,PM2.5,1/21/2016 0:00,2016,1,21,0,133,µg/m³,1 Hr,Valid
Shenyang,PM2.5,1/21/2016 1:00,2016,1,21,1,133,µg/m³,1 Hr,Valid
Shenyang,PM2.5,1/21/2016 2:00,2016,1,21,2,138,µg/m³,1 Hr,Valid
Shenyang,PM2.5,1/21/2016 3:00,2016,1,21,3,153,µg/m³,1 Hr,Valid
Shenyang,PM2.5,1/21/2016 4:00,2016,1,21,4,159,µg/m³,1 Hr,Valid
Shenyang,PM2.5,1/21/2016 5:00,2016,1,21,5,206,µg/m³,1 Hr,Valid
Shenyang,PM2.5,1/21/2016 6:00,2016,1,21,6,194,µg/m³,1 Hr,Valid
Shenyang,PM2.5,1/21/2016 7:00,2016,1,21,7,224,µg/m³,1 Hr,Valid
Shenyang,PM2.5,1/21/2016 8:00,2016,1,21,8,262,µg/m³,1 Hr,Valid
Shenyang,PM2.5,1/21/2016 9:00,2016,1,21,9,224,µg/m³,1 Hr,Valid
Shenyang,PM2.5,1/21/2016 10:00,2016,1,21,10,161,µg/m³,1 Hr,Valid
Shenyang,PM2.5,1/21/2016 11:00,2016,1,21,11,162,µg/m³,1 Hr,Valid
Shenyang,PM2.5,1/21/2016 12:00,2016,1,21,12,147,µg/m³,1 Hr,Valid
Shenyang,PM2.5,1/21/2016 13:00,2016,1,21,13,86,µg/m³,1 Hr,Valid
Shenyang,PM2.5,1/21/2016 14:00,2016,1,21,14,53,µg/m³,1 Hr,Valid
Shenyang,PM2.5,1/21/2016 15:00,2016,1,21,15,59,µg/m³,1 Hr,Valid
Shenyang,PM2.5,1/21/2016 16:00,2016,1,21,16,64,µg/m³,1 Hr,Valid
Shenyang,PM2.5,1/21/2016 17:00,2016,1,21,17,98,µg/m³,1 Hr,Valid
Shenyang,PM2.5,1/21/2016 18:00,2016,1,21,18,111,µg/m³,1 Hr,Valid
Shenyang,PM2.5,1/21/2016 19:00,2016,1,21,19,109,µg/m³,1 Hr,Valid
Shenyang,PM2.5,1/21/2016 20:00,2016,1,21,20,114,µg/m³,1 Hr,Valid
Shenyang,PM2.5,1/21/2016 21:00,2016,1,21,21,116,µg/m³,1 Hr,Valid
Shenyang,PM2.5,1/21/2016 22:00,2016,1,21,22,113,µg/m³,1 Hr,Valid
Shenyang,PM2.5,1/21/2016 23:00,2016,1,21,23,116,µg/m³,1 Hr,Valid
Shenyang,PM2.5,1/22/2016 0:00,2016,1,22,0,131,µg/m³,1 Hr,Valid
Shenyang,PM2.5,1/22/2016 1:00,2016,1,22,1,143,µg/m³,1 Hr,Valid
Shenyang,PM2.5,1/22/2016 2:00,2016,1,22,2,132,µg/m³,1 Hr,Valid
Shenyang,PM2.5,1/22/2016 3:00,2016,1,22,3,139,µg/m³,1 Hr,Valid
Shenyang,PM2.5,1/22/2016 4:00,2016,1,22,4,144,µg/m³,1 Hr,Valid
Shenyang,PM2.5,1/22/2016 5:00,2016,1,22,5,144,µg/m³,1 Hr,Valid
Shenyang,PM2.5,1/22/2016 6:00,2016,1,22,6,145,µg/m³,1 Hr,Valid
Shenyang,PM2.5,1/22/2016 7:00,2016,1,22,7,133,µg/m³,1 Hr,Valid
Shenyang,PM2.5,1/22/2016 8:00,2016,1,22,8,113,µg/m³,1 Hr,Valid
Shenyang,PM2.5,1/22/2016 9:00,2016,1,22,9,109,µg/m³,1 Hr,Valid
Shenyang,PM2.5,1/22/2016 10:00,2016,1,22,10,83,µg/m³,1 Hr,Valid
Shenyang,PM2.5,1/22/2016 11:00,2016,1,22,11,77,µg/m³,1 Hr,Valid
Shenyang,PM2.5,1/22/2016 12:00,2016,1,22,12,67,µg/m³,1 Hr,Valid
Shenyang,PM2.5,1/22/2016 13:00,2016,1,22,13,44,µg/m³,1 Hr,Valid
Shenyang,PM2.5,1/22/2016 14:00,2016,1,22,14,40,µg/m³,1 Hr,Valid
Shenyang,PM2.5,1/22/2016 15:00,2016,1,22,15,32,µg/m³,1 Hr,Valid
Shenyang,PM2.5,1/22/2016 16:00,2016,1,22,16,24,µg/m³,1 Hr,Valid
Shenyang,PM2.5,1/22/2016 17:00,2016,1,22,17,32,µg/m³,1 Hr,Valid
Shenyang,PM2.5,1/22/2016 18:00,2016,1,22,18,31,µg/m³,1 Hr,Valid
Shenyang,PM2.5,1/22/2016 19:00,2016,1,22,19,44,µg/m³,1 Hr,Valid
Shenyang,PM2.5,1/22/2016 20:00,2016,1,22,20,39,µg/m³,1 Hr,Valid
Shenyang,PM2.5,1/22/2016 21:00,2016,1,22,21,34,µg/m³,1 Hr,Valid
Shenyang,PM2.5,1/22/2016 22:00,2016,1,22,22,39,µg/m³,1 Hr,Valid
Shenyang,PM2.5,1/22/2016 23:00,2016,1,22,23,34,µg/m³,1 Hr,Valid
Shenyang,PM2.5,1/23/2016 0:00,2016,1,23,0,29,µg/m³,1 Hr,Valid
Shenyang,PM2.5,1/23/2016 1:00,2016,1,23,1,28,µg/m³,1 Hr,Valid
Shenyang,PM2.5,1/23/2016 2:00,2016,1,23,2,17,µg/m³,1 Hr,Valid
Shenyang,PM2.5,1/23/2016 3:00,2016,1,23,3,18,µg/m³,1 Hr,Valid
Shenyang,PM2.5,1/23/2016 4:00,2016,1,23,4,23,µg/m³,1 Hr,Valid
Shenyang,PM2.5,1/23/2016 5:00,2016,1,23,5,25,µg/m³,1 Hr,Valid
Shenyang,PM2.5,1/23/2016 6:00,2016,1,23,6,29,µg/m³,1 Hr,Valid
Shenyang,PM2.5,1/23/2016 7:00,2016,1,23,7,31,µg/m³,1 Hr,Valid
Shenyang,PM2.5,1/23/2016 8:00,2016,1,23,8,37,µg/m³,1 Hr,Valid
Shenyang,PM2.5,1/23/2016 9:00,2016,1,23,9,39,µg/m³,1 Hr,Valid
Shenyang,PM2.5,1/23/2016 10:00,2016,1,23,10,31,µg/m³,1 Hr,Valid
Shenyang,PM2.5,1/23/2016 11:00,2016,1,23,11,48,µg/m³,1 Hr,Valid
Shenyang,PM2.5,1/23/2016 12:00,2016,1,23,12,42,µg/m³,1 Hr,Valid
Shenyang,PM2.5,1/23/2016 13:00,2016,1,23,13,30,µg/m³,1 Hr,Valid
Shenyang,PM2.5,1/23/2016 14:00,2016,1,23,14,31,µg/m³,1 Hr,Valid
Shenyang,PM2.5,1/23/2016 15:00,2016,1,23,15,33,µg/m³,1 Hr,Valid
Shenyang,PM2.5,1/23/2016 16:00,2016,1,23,16,34,µg/m³,1 Hr,Valid
Shenyang,PM2.5,1/23/2016 17:00,2016,1,23,17,36,µg/m³,1 Hr,Valid
Shenyang,PM2.5,1/23/2016 18:00,2016,1,23,18,41,µg/m³,1 Hr,Valid
Shenyang,PM2.5,1/23/2016 19:00,2016,1,23,19,44,µg/m³,1 Hr,Valid
Shenyang,PM2.5,1/23/2016 20:00,2016,1,23,20,38,µg/m³,1 Hr,Valid
Shenyang,PM2.5,1/23/2016 21:00,2016,1,23,21,41,µg/m³,1 Hr,Valid
Shenyang,PM2.5,1/23/2016 22:00,2016,1,23,22,34,µg/m³,1 Hr,Valid
Shenyang,PM2.5,1/23/2016 23:00,2016,1,23,23,57,µg/m³,1 Hr,Valid
Shenyang,PM2.5,1/24/2016 0:00,2016,1,24,0,52,µg/m³,1 Hr,Valid
Shenyang,PM2.5,1/24/2016 1:00,2016,1,24,1,39,µg/m³,1 Hr,Valid
Shenyang,PM2.5,1/24/2016 2:00,2016,1,24,2,34,µg/m³,1 Hr,Valid
Shenyang,PM2.5,1/24/2016 3:00,2016,1,24,3,28,µg/m³,1 Hr,Valid
Shenyang,PM2.5,1/24/2016 4:00,2016,1,24,4,26,µg/m³,1 Hr,Valid
Shenyang,PM2.5,1/24/2016 5:00,2016,1,24,5,27,µg/m³,1 Hr,Valid
Shenyang,PM2.5,1/24/2016 6:00,2016,1,24,6,27,µg/m³,1 Hr,Valid
Shenyang,PM2.5,1/24/2016 7:00,2016,1,24,7,43,µg/m³,1 Hr,Valid
Shenyang,PM2.5,1/24/2016 8:00,2016,1,24,8,40,µg/m³,1 Hr,Valid
Shenyang,PM2.5,1/24/2016 9:00,2016,1,24,9,67,µg/m³,1 Hr,Valid
Shenyang,PM2.5,1/24/2016 10:00,2016,1,24,10,51,µg/m³,1 Hr,Valid
Shenyang,PM2.5,1/24/2016 11:00,2016,1,24,11,63,µg/m³,1 Hr,Valid
Shenyang,PM2.5,1/24/2016 12:00,2016,1,24,12,52,µg/m³,1 Hr,Valid
Shenyang,PM2.5,1/24/2016 13:00,2016,1,24,13,52,µg/m³,1 Hr,Valid
Shenyang,PM2.5,1/24/2016 14:00,2016,1,24,14,59,µg/m³,1 Hr,Valid
Shenyang,PM2.5,1/24/2016 15:00,2016,1,24,15,61,µg/m³,1 Hr,Valid
Shenyang,PM2.5,1/24/2016 16:00,2016,1,24,16,55,µg/m³,1 Hr,Valid
Shenyang,PM2.5,1/24/2016 17:00,2016,1,24,17,59,µg/m³,1 Hr,Valid
Shenyang,PM2.5,1/24/2016 18:00,2016,1,24,18,67,µg/m³,1 Hr,Valid
Shenyang,PM2.5,1/24/2016 19:00,2016,1,24,19,78,µg/m³,1 Hr,Valid
Shenyang,PM2.5,1/24/2016 20:00,2016,1,24,20,83,µg/m³,1 Hr,Valid
Shenyang,PM2.5,1/24/2016 21:00,2016,1,24,21,80,µg/m³,1 Hr,Valid
Shenyang,PM2.5,1/24/2016 22:00,2016,1,24,22,84,µg/m³,1 Hr,Valid
Shenyang,PM2.5,1/24/2016 23:00,2016,1,24,23,96,µg/m³,1 Hr,Valid
Shenyang,PM2.5,1/25/2016 0:00,2016,1,25,0,111,µg/m³,1 Hr,Valid
Shenyang,PM2.5,1/25/2016 1:00,2016,1,25,1,118,µg/m³,1 Hr,Valid
Shenyang,PM2.5,1/25/2016 2:00,2016,1,25,2,125,µg/m³,1 Hr,Valid
Shenyang,PM2.5,1/25/2016 3:00,2016,1,25,3,109,µg/m³,1 Hr,Valid
Shenyang,PM2.5,1/25/2016 4:00,2016,1,25,4,159,µg/m³,1 Hr,Valid
Shenyang,PM2.5,1/25/2016 5:00,2016,1,25,5,184,µg/m³,1 Hr,Valid
Shenyang,PM2.5,1/25/2016 6:00,2016,1,25,6,171,µg/m³,1 Hr,Valid
Shenyang,PM2.5,1/25/2016 7:00,2016,1,25,7,217,µg/m³,1 Hr,Valid
Shenyang,PM2.5,1/25/2016 8:00,2016,1,25,8,226,µg/m³,1 Hr,Valid
Shenyang,PM2.5,1/25/2016 9:00,2016,1,25,9,227,µg/m³,1 Hr,Valid
Shenyang,PM2.5,1/25/2016 10:00,2016,1,25,10,189,µg/m³,1 Hr,Valid
Shenyang,PM2.5,1/25/2016 11:00,2016,1,25,11,128,µg/m³,1 Hr,Valid
Shenyang,PM2.5,1/25/2016 12:00,2016,1,25,12,86,µg/m³,1 Hr,Valid
Shenyang,PM2.5,1/25/2016 13:00,2016,1,25,13,73,µg/m³,1 Hr,Valid
Shenyang,PM2.5,1/25/2016 14:00,2016,1,25,14,53,µg/m³,1 Hr,Valid
Shenyang,PM2.5,1/25/2016 15:00,2016,1,25,15,50,µg/m³,1 Hr,Valid
Shenyang,PM2.5,1/25/2016 16:00,2016,1,25,16,60,µg/m³,1 Hr,Valid
Shenyang,PM2.5,1/25/2016 17:00,2016,1,25,17,53,µg/m³,1 Hr,Valid
Shenyang,PM2.5,1/25/2016 18:00,2016,1,25,18,56,µg/m³,1 Hr,Valid
Shenyang,PM2.5,1/25/2016 19:00,2016,1,25,19,64,µg/m³,1 Hr,Valid
Shenyang,PM2.5,1/25/2016 20:00,2016,1,25,20,61,µg/m³,1 Hr,Valid
Shenyang,PM2.5,1/25/2016 21:00,2016,1,25,21,76,µg/m³,1 Hr,Valid
Shenyang,PM2.5,1/25/2016 22:00,2016,1,25,22,56,µg/m³,1 Hr,Valid
Shenyang,PM2.5,1/25/2016 23:00,2016,1,25,23,70,µg/m³,1 Hr,Valid
Shenyang,PM2.5,1/26/2016 0:00,2016,1,26,0,75,µg/m³,1 Hr,Valid
Shenyang,PM2.5,1/26/2016 1:00,2016,1,26,1,83,µg/m³,1 Hr,Valid
Shenyang,PM2.5,1/26/2016 2:00,2016,1,26,2,89,µg/m³,1 Hr,Valid
Shenyang,PM2.5,1/26/2016 3:00,2016,1,26,3,92,µg/m³,1 Hr,Valid
Shenyang,PM2.5,1/26/2016 4:00,2016,1,26,4,108,µg/m³,1 Hr,Valid
Shenyang,PM2.5,1/26/2016 5:00,2016,1,26,5,153,µg/m³,1 Hr,Valid
Shenyang,PM2.5,1/26/2016 6:00,2016,1,26,6,196,µg/m³,1 Hr,Valid
Shenyang,PM2.5,1/26/2016 7:00,2016,1,26,7,241,µg/m³,1 Hr,Valid
Shenyang,PM2.5,1/26/2016 8:00,2016,1,26,8,248,µg/m³,1 Hr,Valid
Shenyang,PM2.5,1/26/2016 9:00,2016,1,26,9,259,µg/m³,1 Hr,Valid
Shenyang,PM2.5,1/26/2016 10:00,2016,1,26,10,210,µg/m³,1 Hr,Valid
Shenyang,PM2.5,1/26/2016 11:00,2016,1,26,11,64,µg/m³,1 Hr,Valid
Shenyang,PM2.5,1/26/2016 12:00,2016,1,26,12,65,µg/m³,1 Hr,Valid
Shenyang,PM2.5,1/26/2016 13:00,2016,1,26,13,35,µg/m³,1 Hr,Valid
Shenyang,PM2.5,1/26/2016 14:00,2016,1,26,14,52,µg/m³,1 Hr,Valid
Shenyang,PM2.5,1/26/2016 15:00,2016,1,26,15,36,µg/m³,1 Hr,Valid
Shenyang,PM2.5,1/26/2016 16:00,2016,1,26,16,43,µg/m³,1 Hr,Valid
Shenyang,PM2.5,1/26/2016 17:00,2016,1,26,17,44,µg/m³,1 Hr,Valid
Shenyang,PM2.5,1/26/2016 18:00,2016,1,26,18,54,µg/m³,1 Hr,Valid
Shenyang,PM2.5,1/26/2016 19:00,2016,1,26,19,58,µg/m³,1 Hr,Valid
Shenyang,PM2.5,1/26/2016 20:00,2016,1,26,20,62,µg/m³,1 Hr,Valid
Shenyang,PM2.5,1/26/2016 21:00,2016,1,26,21,80,µg/m³,1 Hr,Valid
Shenyang,PM2.5,1/26/2016 22:00,2016,1,26,22,96,µg/m³,1 Hr,Valid
Shenyang,PM2.5,1/26/2016 23:00,2016,1,26,23,113,µg/m³,1 Hr,Valid
Shenyang,PM2.5,1/27/2016 0:00,2016,1,27,0,108,µg/m³,1 Hr,Valid
Shenyang,PM2.5,1/27/2016 1:00,2016,1,27,1,105,µg/m³,1 Hr,Valid
Shenyang,PM2.5,1/27/2016 2:00,2016,1,27,2,103,µg/m³,1 Hr,Valid
Shenyang,PM2.5,1/27/2016 3:00,2016,1,27,3,92,µg/m³,1 Hr,Valid
Shenyang,PM2.5,1/27/2016 4:00,2016,1,27,4,91,µg/m³,1 Hr,Valid
Shenyang,PM2.5,1/27/2016 5:00,2016,1,27,5,89,µg/m³,1 Hr,Valid
Shenyang,PM2.5,1/27/2016 6:00,2016,1,27,6,87,µg/m³,1 Hr,Valid
Shenyang,PM2.5,1/27/2016 7:00,2016,1,27,7,97,µg/m³,1 Hr,Valid
Shenyang,PM2.5,1/27/2016 8:00,2016,1,27,8,95,µg/m³,1 Hr,Valid
Shenyang,PM2.5,1/27/2016 9:00,2016,1,27,9,100,µg/m³,1 Hr,Valid
Shenyang,PM2.5,1/27/2016 10:00,2016,1,27,10,114,µg/m³,1 Hr,Valid
Shenyang,PM2.5,1/27/2016 11:00,2016,1,27,11,138,µg/m³,1 Hr,Valid
Shenyang,PM2.5,1/27/2016 12:00,2016,1,27,12,82,µg/m³,1 Hr,Valid
Shenyang,PM2.5,1/27/2016 13:00,2016,1,27,13,62,µg/m³,1 Hr,Valid
Shenyang,PM2.5,1/27/2016 14:00,2016,1,27,14,52,µg/m³,1 Hr,Valid
Shenyang,PM2.5,1/27/2016 15:00,2016,1,27,15,43,µg/m³,1 Hr,Valid
Shenyang,PM2.5,1/27/2016 16:00,2016,1,27,16,44,µg/m³,1 Hr,Valid
Shenyang,PM2.5,1/27/2016 17:00,2016,1,27,17,52,µg/m³,1 Hr,Valid
Shenyang,PM2.5,1/27/2016 18:00,2016,1,27,18,58,µg/m³,1 Hr,Valid
Shenyang,PM2.5,1/27/2016 19:00,2016,1,27,19,61,µg/m³,1 Hr,Valid
Shenyang,PM2.5,1/27/2016 20:00,2016,1,27,20,95,µg/m³,1 Hr,Valid
Shenyang,PM2.5,1/27/2016 21:00,2016,1,27,21,93,µg/m³,1 Hr,Valid
Shenyang,PM2.5,1/27/2016 22:00,2016,1,27,22,79,µg/m³,1 Hr,Valid
Shenyang,PM2.5,1/27/2016 23:00,2016,1,27,23,87,µg/m³,1 Hr,Valid
Shenyang,PM2.5,1/28/2016 0:00,2016,1,28,0,95,µg/m³,1 Hr,Valid
Shenyang,PM2.5,1/28/2016 1:00,2016,1,28,1,117,µg/m³,1 Hr,Valid
Shenyang,PM2.5,1/28/2016 2:00,2016,1,28,2,148,µg/m³,1 Hr,Valid
Shenyang,PM2.5,1/28/2016 3:00,2016,1,28,3,158,µg/m³,1 Hr,Valid
Shenyang,PM2.5,1/28/2016 4:00,2016,1,28,4,142,µg/m³,1 Hr,Valid
Shenyang,PM2.5,1/28/2016 5:00,2016,1,28,5,152,µg/m³,1 Hr,Valid
Shenyang,PM2.5,1/28/2016 6:00,2016,1,28,6,161,µg/m³,1 Hr,Valid
Shenyang,PM2.5,1/28/2016 7:00,2016,1,28,7,181,µg/m³,1 Hr,Valid
Shenyang,PM2.5,1/28/2016 8:00,2016,1,28,8,155,µg/m³,1 Hr,Valid
Shenyang,PM2.5,1/28/2016 9:00,2016,1,28,9,175,µg/m³,1 Hr,Valid
Shenyang,PM2.5,1/28/2016 10:00,2016,1,28,10,188,µg/m³,1 Hr,Valid
Shenyang,PM2.5,1/28/2016 11:00,2016,1,28,11,175,µg/m³,1 Hr,Valid
Shenyang,PM2.5,1/28/2016 12:00,2016,1,28,12,223,µg/m³,1 Hr,Valid
Shenyang,PM2.5,1/28/2016 13:00,2016,1,28,13,188,µg/m³,1 Hr,Valid
Shenyang,PM2.5,1/28/2016 14:00,2016,1,28,14,183,µg/m³,1 Hr,Valid
Shenyang,PM2.5,1/28/2016 15:00,2016,1,28,15,88,µg/m³,1 Hr,Valid
Shenyang,PM2.5,1/28/2016 16:00,2016,1,28,16,136,µg/m³,1 Hr,Valid
Shenyang,PM2.5,1/28/2016 17:00,2016,1,28,17,83,µg/m³,1 Hr,Valid
Shenyang,PM2.5,1/28/2016 18:00,2016,1,28,18,59,µg/m³,1 Hr,Valid
Shenyang,PM2.5,1/28/2016 19:00,2016,1,28,19,60,µg/m³,1 Hr,Valid
Shenyang,PM2.5,1/28/2016 20:00,2016,1,28,20,55,µg/m³,1 Hr,Valid
Shenyang,PM2.5,1/28/2016 21:00,2016,1,28,21,69,µg/m³,1 Hr,Valid
Shenyang,PM2.5,1/28/2016 22:00,2016,1,28,22,78,µg/m³,1 Hr,Valid
Shenyang,PM2.5,1/28/2016 23:00,2016,1,28,23,74,µg/m³,1 Hr,Valid
Shenyang,PM2.5,1/29/2016 0:00,2016,1,29,0,62,µg/m³,1 Hr,Valid
Shenyang,PM2.5,1/29/2016 1:00,2016,1,29,1,72,µg/m³,1 Hr,Valid
Shenyang,PM2.5,1/29/2016 2:00,2016,1,29,2,86,µg/m³,1 Hr,Valid
Shenyang,PM2.5,1/29/2016 3:00,2016,1,29,3,69,µg/m³,1 Hr,Valid
Shenyang,PM2.5,1/29/2016 4:00,2016,1,29,4,51,µg/m³,1 Hr,Valid
Shenyang,PM2.5,1/29/2016 5:00,2016,1,29,5,66,µg/m³,1 Hr,Valid
Shenyang,PM2.5,1/29/2016 6:00,2016,1,29,6,89,µg/m³,1 Hr,Valid
Shenyang,PM2.5,1/29/2016 7:00,2016,1,29,7,100,µg/m³,1 Hr,Valid
Shenyang,PM2.5,1/29/2016 8:00,2016,1,29,8,93,µg/m³,1 Hr,Valid
Shenyang,PM2.5,1/29/2016 9:00,2016,1,29,9,102,µg/m³,1 Hr,Valid
Shenyang,PM2.5,1/29/2016 10:00,2016,1,29,10,89,µg/m³,1 Hr,Valid
Shenyang,PM2.5,1/29/2016 11:00,2016,1,29,11,80,µg/m³,1 Hr,Valid
Shenyang,PM2.5,1/29/2016 12:00,2016,1,29,12,59,µg/m³,1 Hr,Valid
Shenyang,PM2.5,1/29/2016 13:00,2016,1,29,13,47,µg/m³,1 Hr,Valid
Shenyang,PM2.5,1/29/2016 14:00,2016,1,29,14,43,µg/m³,1 Hr,Valid
Shenyang,PM2.5,1/29/2016 15:00,2016,1,29,15,33,µg/m³,1 Hr,Valid
Shenyang,PM2.5,1/29/2016 16:00,2016,1,29,16,40,µg/m³,1 Hr,Valid
Shenyang,PM2.5,1/29/2016 17:00,2016,1,29,17,41,µg/m³,1 Hr,Valid
Shenyang,PM2.5,1/29/2016 18:00,2016,1,29,18,41,µg/m³,1 Hr,Valid
Shenyang,PM2.5,1/29/2016 19:00,2016,1,29,19,41,µg/m³,1 Hr,Valid
Shenyang,PM2.5,1/29/2016 20:00,2016,1,29,20,38,µg/m³,1 Hr,Valid
Shenyang,PM2.5,1/29/2016 21:00,2016,1,29,21,38,µg/m³,1 Hr,Valid
Shenyang,PM2.5,1/29/2016 22:00,2016,1,29,22,43,µg/m³,1 Hr,Valid
Shenyang,PM2.5,1/29/2016 23:00,2016,1,29,23,58,µg/m³,1 Hr,Valid
Shenyang,PM2.5,1/30/2016 0:00,2016,1,30,0,70,µg/m³,1 Hr,Valid
Shenyang,PM2.5,1/30/2016 1:00,2016,1,30,1,72,µg/m³,1 Hr,Valid
Shenyang,PM2.5,1/30/2016 2:00,2016,1,30,2,56,µg/m³,1 Hr,Valid
Shenyang,PM2.5,1/30/2016 3:00,2016,1,30,3,69,µg/m³,1 Hr,Valid
Shenyang,PM2.5,1/30/2016 4:00,2016,1,30,4,82,µg/m³,1 Hr,Valid
Shenyang,PM2.5,1/30/2016 5:00,2016,1,30,5,78,µg/m³,1 Hr,Valid
Shenyang,PM2.5,1/30/2016 6:00,2016,1,30,6,75,µg/m³,1 Hr,Valid
Shenyang,PM2.5,1/30/2016 7:00,2016,1,30,7,92,µg/m³,1 Hr,Valid
Shenyang,PM2.5,1/30/2016 8:00,2016,1,30,8,86,µg/m³,1 Hr,Valid
Shenyang,PM2.5,1/30/2016 9:00,2016,1,30,9,65,µg/m³,1 Hr,Valid
Shenyang,PM2.5,1/30/2016 10:00,2016,1,30,10,48,µg/m³,1 Hr,Valid
Shenyang,PM2.5,1/30/2016 11:00,2016,1,30,11,34,µg/m³,1 Hr,Valid
Shenyang,PM2.5,1/30/2016 12:00,2016,1,30,12,36,µg/m³,1 Hr,Valid
Shenyang,PM2.5,1/30/2016 13:00,2016,1,30,13,41,µg/m³,1 Hr,Valid
Shenyang,PM2.5,1/30/2016 14:00,2016,1,30,14,50,µg/m³,1 Hr,Valid
Shenyang,PM2.5,1/30/2016 15:00,2016,1,30,15,41,µg/m³,1 Hr,Valid
Shenyang,PM2.5,1/30/2016 16:00,2016,1,30,16,43,µg/m³,1 Hr,Valid
Shenyang,PM2.5,1/30/2016 17:00,2016,1,30,17,35,µg/m³,1 Hr,Valid
Shenyang,PM2.5,1/30/2016 18:00,2016,1,30,18,39,µg/m³,1 Hr,Valid
Shenyang,PM2.5,1/30/2016 19:00,2016,1,30,19,42,µg/m³,1 Hr,Valid
Shenyang,PM2.5,1/30/2016 20:00,2016,1,30,20,44,µg/m³,1 Hr,Valid
Shenyang,PM2.5,1/30/2016 21:00,2016,1,30,21,49,µg/m³,1 Hr,Valid
Shenyang,PM2.5,1/30/2016 22:00,2016,1,30,22,75,µg/m³,1 Hr,Valid
Shenyang,PM2.5,1/30/2016 23:00,2016,1,30,23,83,µg/m³,1 Hr,Valid
Shenyang,PM2.5,1/31/2016 0:00,2016,1,31,0,75,µg/m³,1 Hr,Valid
Shenyang,PM2.5,1/31/2016 1:00,2016,1,31,1,55,µg/m³,1 Hr,Valid
Shenyang,PM2.5,1/31/2016 2:00,2016,1,31,2,61,µg/m³,1 Hr,Valid
Shenyang,PM2.5,1/31/2016 3:00,2016,1,31,3,95,µg/m³,1 Hr,Valid
Shenyang,PM2.5,1/31/2016 4:00,2016,1,31,4,132,µg/m³,1 Hr,Valid
Shenyang,PM2.5,1/31/2016 5:00,2016,1,31,5,155,µg/m³,1 Hr,Valid
Shenyang,PM2.5,1/31/2016 6:00,2016,1,31,6,167,µg/m³,1 Hr,Valid
Shenyang,PM2.5,1/31/2016 7:00,2016,1,31,7,167,µg/m³,1 Hr,Valid
Shenyang,PM2.5,1/31/2016 8:00,2016,1,31,8,171,µg/m³,1 Hr,Valid
Shenyang,PM2.5,1/31/2016 9:00,2016,1,31,9,232,µg/m³,1 Hr,Valid
Shenyang,PM2.5,1/31/2016 10:00,2016,1,31,10,49,µg/m³,1 Hr,Valid
Shenyang,PM2.5,1/31/2016 11:00,2016,1,31,11,45,µg/m³,1 Hr,Valid
Shenyang,PM2.5,1/31/2016 12:00,2016,1,31,12,37,µg/m³,1 Hr,Valid
Shenyang,PM2.5,1/31/2016 13:00,2016,1,31,13,22,µg/m³,1 Hr,Valid
Shenyang,PM2.5,1/31/2016 14:00,2016,1,31,14,31,µg/m³,1 Hr,Valid
Shenyang,PM2.5,1/31/2016 15:00,2016,1,31,15,32,µg/m³,1 Hr,Valid
Shenyang,PM2.5,1/31/2016 16:00,2016,1,31,16,25,µg/m³,1 Hr,Valid
Shenyang,PM2.5,1/31/2016 17:00,2016,1,31,17,33,µg/m³,1 Hr,Valid
Shenyang,PM2.5,1/31/2016 18:00,2016,1,31,18,39,µg/m³,1 Hr,Valid
Shenyang,PM2.5,1/31/2016 19:00,2016,1,31,19,42,µg/m³,1 Hr,Valid
Shenyang,PM2.5,1/31/2016 20:00,2016,1,31,20,64,µg/m³,1 Hr,Valid
Shenyang,PM2.5,1/31/2016 21:00,2016,1,31,21,50,µg/m³,1 Hr,Valid
Shenyang,PM2.5,1/31/2016 22:00,2016,1,31,22,55,µg/m³,1 Hr,Valid
Shenyang,PM2.5,1/31/2016 23:00,2016,1,31,23,62,µg/m³,1 Hr,Valid
