A fact sheet with definitions and metadata for this dataset can be found at http://www.stateair.net/web/historical/1/4.html.,,,,,,,,,,
The U.S. Department of State Data Use Statement at http://www.stateair.net/web/historical/1/4.html applies to these and all data available from the Mission China air quality monitoring program.,,,,,,,,,,
,,,,,,,,,,
Site,Parameter,Date (LST),Year,Month,Day,Hour,Value,Unit,Duration,QC Name
Shanghai,PM2.5,1/1/2016 0:00,2016,1,1,0,60,µg/m³,1 Hr,Valid
Shanghai,PM2.5,1/1/2016 1:00,2016,1,1,1,65,µg/m³,1 Hr,Valid
Shanghai,PM2.5,1/1/2016 2:00,2016,1,1,2,57,µg/m³,1 Hr,Valid
Shanghai,PM2.5,1/1/2016 3:00,2016,1,1,3,59,µg/m³,1 Hr,Valid
Shanghai,PM2.5,1/1/2016 4:00,2016,1,1,4,55,µg/m³,1 Hr,Valid
Shanghai,PM2.5,1/1/2016 5:00,2016,1,1,5,61,µg/m³,1 Hr,Valid
Shanghai,PM2.5,1/1/2016 6:00,2016,1,1,6,58,µg/m³,1 Hr,Valid
Shanghai,PM2.5,1/1/2016 7:00,2016,1,1,7,59,µg/m³,1 Hr,Valid
Shanghai,PM2.5,1/1/2016 8:00,2016,1,1,8,63,µg/m³,1 Hr,Valid
Shanghai,PM2.5,1/1/2016 9:00,2016,1,1,9,72,µg/m³,1 Hr,Valid
Shanghai,PM2.5,1/1/2016 10:00,2016,1,1,10,56,µg/m³,1 Hr,Valid
Shanghai,PM2.5,1/1/2016 11:00,2016,1,1,11,46,µg/m³,1 Hr,Valid
Shanghai,PM2.5,1/1/2016 12:00,2016,1,1,12,48,µg/m³,1 Hr,Valid
Shanghai,PM2.5,1/1/2016 13:00,2016,1,1,13,55,µg/m³,1 Hr,Valid
Shanghai,PM2.5,1/1/2016 14:00,2016,1,1,14,45,µg/m³,1 Hr,Valid
Shanghai,PM2.5,1/1/2016 15:00,2016,1,1,15,44,µg/m³,1 Hr,Valid
Shanghai,PM2.5,1/1/2016 16:00,2016,1,1,16,48,µg/m³,1 Hr,Valid
Shanghai,PM2.5,1/1/2016 17:00,2016,1,1,17,53,µg/m³,1 Hr,Valid
Shanghai,PM2.5,1/1/2016 18:00,2016,1,1,18,72,µg/m³,1 Hr,Valid
Shanghai,PM2.5,1/1/2016 19:00,2016,1,1,19,71,µg/m³,1 Hr,Valid
Shanghai,PM2.5,1/1/2016 20:00,2016,1,1,20,70,µg/m³,1 Hr,Valid
Shanghai,PM2.5,1/1/2016 21:00,2016,1,1,21,69,µg/m³,1 Hr,Valid
Shanghai,PM2.5,1/1/2016 22:00,2016,1,1,22,69,µg/m³,1 Hr,Valid
Shanghai,PM2.5,1/1/2016 23:00,2016,1,1,23,67,µg/m³,1 Hr,Valid
Shanghai,PM2.5,1/2/2016 0:00,2016,1,2,0,64,µg/m³,1 Hr,Valid
Shanghai,PM2.5,1/2/2016 1:00,2016,1,2,1,66,µg/m³,1 Hr,Valid
Shanghai,PM2.5,1/2/2016 2:00,2016,1,2,2,65,µg/m³,1 Hr,Valid
Shanghai,PM2.5,1/2/2016 3:00,2016,1,2,3,67,µg/m³,1 Hr,Valid
Shanghai,PM2.5,1/2/2016 4:00,2016,1,2,4,69,µg/m³,1 Hr,Valid
Shanghai,PM2.5,1/2/2016 5:00,2016,1,2,5,70,µg/m³,1 Hr,Valid
Shanghai,PM2.5,1/2/2016 6:00,2016,1,2,6,77,µg/m³,1 Hr,Valid
Shanghai,PM2.5,1/2/2016 7:00,2016,1,2,7,97,µg/m³,1 Hr,Valid
Shanghai,PM2.5,1/2/2016 8:00,2016,1,2,8,128,µg/m³,1 Hr,Valid
Shanghai,PM2.5,1/2/2016 9:00,2016,1,2,9,147,µg/m³,1 Hr,Valid
Shanghai,PM2.5,1/2/2016 10:00,2016,1,2,10,145,µg/m³,1 Hr,Valid
Shanghai,PM2.5,1/2/2016 11:00,2016,1,2,11,137,µg/m³,1 Hr,Valid
Shanghai,PM2.5,1/2/2016 12:00,2016,1,2,12,119,µg/m³,1 Hr,Valid
Shanghai,PM2.5,1/2/2016 13:00,2016,1,2,13,79,µg/m³,1 Hr,Valid
Shanghai,PM2.5,1/2/2016 14:00,2016,1,2,14,78,µg/m³,1 Hr,Valid
Shanghai,PM2.5,1/2/2016 15:00,2016,1,2,15,70,µg/m³,1 Hr,Valid
Shanghai,PM2.5,1/2/2016 16:00,2016,1,2,16,73,µg/m³,1 Hr,Valid
Shanghai,PM2.5,1/2/2016 17:00,2016,1,2,17,92,µg/m³,1 Hr,Valid
Shanghai,PM2.5,1/2/2016 18:00,2016,1,2,18,88,µg/m³,1 Hr,Valid
Shanghai,PM2.5,1/2/2016 19:00,2016,1,2,19,100,µg/m³,1 Hr,Valid
Shanghai,PM2.5,1/2/2016 20:00,2016,1,2,20,126,µg/m³,1 Hr,Valid
Shanghai,PM2.5,1/2/2016 21:00,2016,1,2,21,111,µg/m³,1 Hr,Valid
Shanghai,PM2.5,1/2/2016 22:00,2016,1,2,22,115,µg/m³,1 Hr,Valid
Shanghai,PM2.5,1/2/2016 23:00,2016,1,2,23,116,µg/m³,1 Hr,Valid
Shanghai,PM2.5,1/3/2016 0:00,2016,1,3,0,112,µg/m³,1 Hr,Valid
Shanghai,PM2.5,1/3/2016 1:00,2016,1,3,1,127,µg/m³,1 Hr,Valid
Shanghai,PM2.5,1/3/2016 2:00,2016,1,3,2,134,µg/m³,1 Hr,Valid
Shanghai,PM2.5,1/3/2016 3:00,2016,1,3,3,151,µg/m³,1 Hr,Valid
Shanghai,PM2.5,1/3/2016 4:00,2016,1,3,4,156,µg/m³,1 Hr,Valid
Shanghai,PM2.5,1/3/2016 5:00,2016,1,3,5,153,µg/m³,1 Hr,Valid
Shanghai,PM2.5,1/3/2016 6:00,2016,1,3,6,152,µg/m³,1 Hr,Valid
Shanghai,PM2.5,1/3/2016 7:00,2016,1,3,7,144,µg/m³,1 Hr,Valid
Shanghai,PM2.5,1/3/2016 8:00,2016,1,3,8,144,µg/m³,1 Hr,Valid
Shanghai,PM2.5,1/3/2016 9:00,2016,1,3,9,143,µg/m³,1 Hr,Valid
Shanghai,PM2.5,1/3/2016 10:00,2016,1,3,10,135,µg/m³,1 Hr,Valid
Shanghai,PM2.5,1/3/2016 11:00,2016,1,3,11,139,µg/m³,1 Hr,Valid
Shanghai,PM2.5,1/3/2016 12:00,2016,1,3,12,141,µg/m³,1 Hr,Valid
Shanghai,PM2.5,1/3/2016 13:00,2016,1,3,13,135,µg/m³,1 Hr,Valid
Shanghai,PM2.5,1/3/2016 14:00,2016,1,3,14,127,µg/m³,1 Hr,Valid
Shanghai,PM2.5,1/3/2016 15:00,2016,1,3,15,132,µg/m³,1 Hr,Valid
Shanghai,PM2.5,1/3/2016 16:00,2016,1,3,16,124,µg/m³,1 Hr,Valid
Shanghai,PM2.5,1/3/2016 17:00,2016,1,3,17,118,µg/m³,1 Hr,Valid
Shanghai,PM2.5,1/3/2016 18:00,2016,1,3,18,131,µg/m³,1 Hr,Valid
Shanghai,PM2.5,1/3/2016 19:00,2016,1,3,19,141,µg/m³,1 Hr,Valid
Shanghai,PM2.5,1/3/2016 20:00,2016,1,3,20,167,µg/m³,1 Hr,Valid
Shanghai,PM2.5,1/3/2016 21:00,2016,1,3,21,163,µg/m³,1 Hr,Valid
Shanghai,PM2.5,1/3/2016 22:00,2016,1,3,22,148,µg/m³,1 Hr,Valid
Shanghai,PM2.5,1/3/2016 23:00,2016,1,3,23,136,µg/m³,1 Hr,Valid
Shanghai,PM2.5,1/4/2016 0:00,2016,1,4,0,132,µg/m³,1 Hr,Valid
Shanghai,PM2.5,1/4/2016 1:00,2016,1,4,1,131,µg/m³,1 Hr,Valid
Shanghai,PM2.5,1/4/2016 2:00,2016,1,4,2,121,µg/m³,1 Hr,Valid
Shanghai,PM2.5,1/4/2016 3:00,2016,1,4,3,123,µg/m³,1 Hr,Valid
Shanghai,PM2.5,1/4/2016 4:00,2016,1,4,4,114,µg/m³,1 Hr,Valid
Shanghai,PM2.5,1/4/2016 5:00,2016,1,4,5,107,µg/m³,1 Hr,Valid
Shanghai,PM2.5,1/4/2016 6:00,2016,1,4,6,127,µg/m³,1 Hr,Valid
Shanghai,PM2.5,1/4/2016 7:00,2016,1,4,7,136,µg/m³,1 Hr,Valid
Shanghai,PM2.5,1/4/2016 8:00,2016,1,4,8,138,µg/m³,1 Hr,Valid
Shanghai,PM2.5,1/4/2016 9:00,2016,1,4,9,132,µg/m³,1 Hr,Valid
Shanghai,PM2.5,1/4/2016 10:00,2016,1,4,10,113,µg/m³,1 Hr,Valid
Shanghai,PM2.5,1/4/2016 11:00,2016,1,4,11,126,µg/m³,1 Hr,Valid
Shanghai,PM2.5,1/4/2016 12:00,2016,1,4,12,111,µg/m³,1 Hr,Valid
Shanghai,PM2.5,1/4/2016 13:00,2016,1,4,13,118,µg/m³,1 Hr,Valid
Shanghai,PM2.5,1/4/2016 14:00,2016,1,4,14,132,µg/m³,1 Hr,Valid
Shanghai,PM2.5,1/4/2016 15:00,2016,1,4,15,135,µg/m³,1 Hr,Valid
Shanghai,PM2.5,1/4/2016 16:00,2016,1,4,16,147,µg/m³,1 Hr,Valid
Shanghai,PM2.5,1/4/2016 17:00,2016,1,4,17,143,µg/m³,1 Hr,Valid
Shanghai,PM2.5,1/4/2016 18:00,2016,1,4,18,115,µg/m³,1 Hr,Valid
Shanghai,PM2.5,1/4/2016 19:00,2016,1,4,19,108,µg/m³,1 Hr,Valid
Shanghai,PM2.5,1/4/2016 20:00,2016,1,4,20,109,µg/m³,1 Hr,Valid
Shanghai,PM2.5,1/4/2016 21:00,2016,1,4,21,114,µg/m³,1 Hr,Valid
Shanghai,PM2.5,1/4/2016 22:00,2016,1,4,22,95,µg/m³,1 Hr,Valid
Shanghai,PM2.5,1/4/2016 23:00,2016,1,4,23,66,µg/m³,1 Hr,Valid
Shanghai,PM2.5,1/5/2016 0:00,2016,1,5,0,57,µg/m³,1 Hr,Valid
Shanghai,PM2.5,1/5/2016 1:00,2016,1,5,1,37,µg/m³,1 Hr,Valid
Shanghai,PM2.5,1/5/2016 2:00,2016,1,5,2,30,µg/m³,1 Hr,Valid
Shanghai,PM2.5,1/5/2016 3:00,2016,1,5,3,35,µg/m³,1 Hr,Valid
Shanghai,PM2.5,1/5/2016 4:00,2016,1,5,4,23,µg/m³,1 Hr,Valid
Shanghai,PM2.5,1/5/2016 5:00,2016,1,5,5,10,µg/m³,1 Hr,Valid
Shanghai,PM2.5,1/5/2016 6:00,2016,1,5,6,18,µg/m³,1 Hr,Valid
Shanghai,PM2.5,1/5/2016 7:00,2016,1,5,7,23,µg/m³,1 Hr,Valid
Shanghai,PM2.5,1/5/2016 8:00,2016,1,5,8,25,µg/m³,1 Hr,Valid
Shanghai,PM2.5,1/5/2016 9:00,2016,1,5,9,21,µg/m³,1 Hr,Valid
Shanghai,PM2.5,1/5/2016 10:00,2016,1,5,10,21,µg/m³,1 Hr,Valid
Shanghai,PM2.5,1/5/2016 11:00,2016,1,5,11,24,µg/m³,1 Hr,Valid
Shanghai,PM2.5,1/5/2016 12:00,2016,1,5,12,24,µg/m³,1 Hr,Valid
Shanghai,PM2.5,1/5/2016 13:00,2016,1,5,13,25,µg/m³,1 Hr,Valid
Shanghai,PM2.5,1/5/2016 14:00,2016,1,5,14,27,µg/m³,1 Hr,Valid
Shanghai,PM2.5,1/5/2016 15:00,2016,1,5,15,24,µg/m³,1 Hr,Valid
Shanghai,PM2.5,1/5/2016 16:00,2016,1,5,16,22,µg/m³,1 Hr,Valid
Shanghai,PM2.5,1/5/2016 17:00,2016,1,5,17,32,µg/m³,1 Hr,Valid
Shanghai,PM2.5,1/5/2016 18:00,2016,1,5,18,33,µg/m³,1 Hr,Valid
Shanghai,PM2.5,1/5/2016 19:00,2016,1,5,19,40,µg/m³,1 Hr,Valid
Shanghai,PM2.5,1/5/2016 20:00,2016,1,5,20,45,µg/m³,1 Hr,Valid
Shanghai,PM2.5,1/5/2016 21:00,2016,1,5,21,42,µg/m³,1 Hr,Valid
Shanghai,PM2.5,1/5/2016 22:00,2016,1,5,22,36,µg/m³,1 Hr,Valid
Shanghai,PM2.5,1/5/2016 23:00,2016,1,5,23,31,µg/m³,1 Hr,Valid
Shanghai,PM2.5,1/6/2016 0:00,2016,1,6,0,30,µg/m³,1 Hr,Valid
Shanghai,PM2.5,1/6/2016 1:00,2016,1,6,1,40,µg/m³,1 Hr,Valid
Shanghai,PM2.5,1/6/2016 2:00,2016,1,6,2,45,µg/m³,1 Hr,Valid
Shanghai,PM2.5,1/6/2016 3:00,2016,1,6,3,53,µg/m³,1 Hr,Valid
Shanghai,PM2.5,1/6/2016 4:00,2016,1,6,4,48,µg/m³,1 Hr,Valid
Shanghai,PM2.5,1/6/2016 5:00,2016,1,6,5,49,µg/m³,1 Hr,Valid
Shanghai,PM2.5,1/6/2016 6:00,2016,1,6,6,45,µg/m³,1 Hr,Valid
Shanghai,PM2.5,1/6/2016 7:00,2016,1,6,7,46,µg/m³,1 Hr,Valid
Shanghai,PM2.5,1/6/2016 8:00,2016,1,6,8,43,µg/m³,1 Hr,Valid
Shanghai,PM2.5,1/6/2016 9:00,2016,1,6,9,46,µg/m³,1 Hr,Valid
Shanghai,PM2.5,1/6/2016 10:00,2016,1,6,10,49,µg/m³,1 Hr,Valid
Shanghai,PM2.5,1/6/2016 11:00,2016,1,6,11,51,µg/m³,1 Hr,Valid
Shanghai,PM2.5,1/6/2016 12:00,2016,1,6,12,55,µg/m³,1 Hr,Valid
Shanghai,PM2.5,1/6/2016 13:00,2016,1,6,13,61,µg/m³,1 Hr,Valid
Shanghai,PM2.5,1/6/2016 14:00,2016,1,6,14,59,µg/m³,1 Hr,Valid
Shanghai,PM2.5,1/6/2016 15:00,2016,1,6,15,53,µg/m³,1 Hr,Valid
Shanghai,PM2.5,1/6/2016 16:00,2016,1,6,16,57,µg/m³,1 Hr,Valid
Shanghai,PM2.5,1/6/2016 17:00,2016,1,6,17,58,µg/m³,1 Hr,Valid
Shanghai,PM2.5,1/6/2016 18:00,2016,1,6,18,67,µg/m³,1 Hr,Valid
Shanghai,PM2.5,1/6/2016 19:00,2016,1,6,19,67,µg/m³,1 Hr,Valid
Shanghai,PM2.5,1/6/2016 20:00,2016,1,6,20,61,µg/m³,1 Hr,Valid
Shanghai,PM2.5,1/6/2016 21:00,2016,1,6,21,55,µg/m³,1 Hr,Valid
Shanghai,PM2.5,1/6/2016 22:00,2016,1,6,22,55,µg/m³,1 Hr,Valid
Shanghai,PM2.5,1/6/2016 23:00,2016,1,6,23,55,µg/m³,1 Hr,Valid
Shanghai,PM2.5,1/7/2016 0:00,2016,1,7,0,53,µg/m³,1 Hr,Valid
Shanghai,PM2.5,1/7/2016 1:00,2016,1,7,1,59,µg/m³,1 Hr,Valid
Shanghai,PM2.5,1/7/2016 2:00,2016,1,7,2,61,µg/m³,1 Hr,Valid
Shanghai,PM2.5,1/7/2016 3:00,2016,1,7,3,66,µg/m³,1 Hr,Valid
Shanghai,PM2.5,1/7/2016 4:00,2016,1,7,4,68,µg/m³,1 Hr,Valid
Shanghai,PM2.5,1/7/2016 5:00,2016,1,7,5,67,µg/m³,1 Hr,Valid
Shanghai,PM2.5,1/7/2016 6:00,2016,1,7,6,73,µg/m³,1 Hr,Valid
Shanghai,PM2.5,1/7/2016 7:00,2016,1,7,7,73,µg/m³,1 Hr,Valid
Shanghai,PM2.5,1/7/2016 8:00,2016,1,7,8,76,µg/m³,1 Hr,Valid
Shanghai,PM2.5,1/7/2016 9:00,2016,1,7,9,80,µg/m³,1 Hr,Valid
Shanghai,PM2.5,1/7/2016 10:00,2016,1,7,10,82,µg/m³,1 Hr,Valid
Shanghai,PM2.5,1/7/2016 11:00,2016,1,7,11,92,µg/m³,1 Hr,Valid
Shanghai,PM2.5,1/7/2016 12:00,2016,1,7,12,98,µg/m³,1 Hr,Valid
Shanghai,PM2.5,1/7/2016 13:00,2016,1,7,13,102,µg/m³,1 Hr,Valid
Shanghai,PM2.5,1/7/2016 14:00,2016,1,7,14,109,µg/m³,1 Hr,Valid
Shanghai,PM2.5,1/7/2016 15:00,2016,1,7,15,111,µg/m³,1 Hr,Valid
Shanghai,PM2.5,1/7/2016 16:00,2016,1,7,16,100,µg/m³,1 Hr,Valid
Shanghai,PM2.5,1/7/2016 17:00,2016,1,7,17,112,µg/m³,1 Hr,Valid
Shanghai,PM2.5,1/7/2016 18:00,2016,1,7,18,101,µg/m³,1 Hr,Valid
Shanghai,PM2.5,1/7/2016 19:00,2016,1,7,19,98,µg/m³,1 Hr,Valid
Shanghai,PM2.5,1/7/2016 20:00,2016,1,7,20,74,µg/m³,1 Hr,Valid
Shanghai,PM2.5,1/7/2016 21:00,2016,1,7,21,59,µg/m³,1 Hr,Valid
Shanghai,PM2.5,1/7/2016 22:00,2016,1,7,22,61,µg/m³,1 Hr,Valid
Shanghai,PM2.5,1/7/2016 23:00,2016,1,7,23,58,µg/m³,1 Hr,Valid
Shanghai,PM2.5,1/8/2016 0:00,2016,1,8,0,61,µg/m³,1 Hr,Valid
Shanghai,PM2.5,1/8/2016 1:00,2016,1,8,1,53,µg/m³,1 Hr,Valid
Shanghai,PM2.5,1/8/2016 2:00,2016,1,8,2,50,µg/m³,1 Hr,Valid
Shanghai,PM2.5,1/8/2016 3:00,2016,1,8,3,47,µg/m³,1 Hr,Valid
Shanghai,PM2.5,1/8/2016 4:00,2016,1,8,4,48,µg/m³,1 Hr,Valid
Shanghai,PM2.5,1/8/2016 5:00,2016,1,8,5,38,µg/m³,1 Hr,Valid
Shanghai,PM2.5,1/8/2016 6:00,2016,1,8,6,46,µg/m³,1 Hr,Valid
Shanghai,PM2.5,1/8/2016 7:00,2016,1,8,7,54,µg/m³,1 Hr,Valid
Shanghai,PM2.5,1/8/2016 8:00,2016,1,8,8,60,µg/m³,1 Hr,Valid
Shanghai,PM2.5,1/8/2016 9:00,2016,1,8,9,52,µg/m³,1 Hr,Valid
Shanghai,PM2.5,1/8/2016 10:00,2016,1,8,10,67,µg/m³,1 Hr,Valid
Shanghai,PM2.5,1/8/2016 11:00,2016,1,8,11,72,µg/m³,1 Hr,Valid
Shanghai,PM2.5,1/8/2016 12:00,2016,1,8,12,76,µg/m³,1 Hr,Valid
Shanghai,PM2.5,1/8/2016 13:00,2016,1,8,13,66,µg/m³,1 Hr,Valid
Shanghai,PM2.5,1/8/2016 14:00,2016,1,8,14,73,µg/m³,1 Hr,Valid
Shanghai,PM2.5,1/8/2016 15:00,2016,1,8,15,82,µg/m³,1 Hr,Valid
Shanghai,PM2.5,1/8/2016 16:00,2016,1,8,16,88,µg/m³,1 Hr,Valid
Shanghai,PM2.5,1/8/2016 17:00,2016,1,8,17,91,µg/m³,1 Hr,Valid
Shanghai,PM2.5,1/8/2016 18:00,2016,1,8,18,95,µg/m³,1 Hr,Valid
Shanghai,PM2.5,1/8/2016 19:00,2016,1,8,19,104,µg/m³,1 Hr,Valid
Shanghai,PM2.5,1/8/2016 20:00,2016,1,8,20,105,µg/m³,1 Hr,Valid
Shanghai,PM2.5,1/8/2016 21:00,2016,1,8,21,99,µg/m³,1 Hr,Valid
Shanghai,PM2.5,1/8/2016 22:00,2016,1,8,22,99,µg/m³,1 Hr,Valid
Shanghai,PM2.5,1/8/2016 23:00,2016,1,8,23,96,µg/m³,1 Hr,Valid
Shanghai,PM2.5,1/9/2016 0:00,2016,1,9,0,92,µg/m³,1 Hr,Valid
Shanghai,PM2.5,1/9/2016 1:00,2016,1,9,1,95,µg/m³,1 Hr,Valid
Shanghai,PM2.5,1/9/2016 2:00,2016,1,9,2,99,µg/m³,1 Hr,Valid
Shanghai,PM2.5,1/9/2016 3:00,2016,1,9,3,96,µg/m³,1 Hr,Valid
Shanghai,PM2.5,1/9/2016 4:00,2016,1,9,4,102,µg/m³,1 Hr,Valid
Shanghai,PM2.5,1/9/2016 5:00,2016,1,9,5,105,µg/m³,1 Hr,Valid
Shanghai,PM2.5,1/9/2016 6:00,2016,1,9,6,108,µg/m³,1 Hr,Valid
Shanghai,PM2.5,1/9/2016 7:00,2016,1,9,7,111,µg/m³,1 Hr,Valid
Shanghai,PM2.5,1/9/2016 8:00,2016,1,9,8,113,µg/m³,1 Hr,Valid
Shanghai,PM2.5,1/9/2016 9:00,2016,1,9,9,117,µg/m³,1 Hr,Valid
Shanghai,PM2.5,1/9/2016 10:00,2016,1,9,10,118,µg/m³,1 Hr,Valid
Shanghai,PM2.5,1/9/2016 11:00,2016,1,9,11,130,µg/m³,1 Hr,Valid
Shanghai,PM2.5,1/9/2016 12:00,2016,1,9,12,121,µg/m³,1 Hr,Valid
Shanghai,PM2.5,1/9/2016 13:00,2016,1,9,13,128,µg/m³,1 Hr,Valid
Shanghai,PM2.5,1/9/2016 14:00,2016,1,9,14,124,µg/m³,1 Hr,Valid
Shanghai,PM2.5,1/9/2016 15:00,2016,1,9,15,128,µg/m³,1 Hr,Valid
Shanghai,PM2.5,1/9/2016 16:00,2016,1,9,16,130,µg/m³,1 Hr,Valid
Shanghai,PM2.5,1/9/2016 17:00,2016,1,9,17,138,µg/m³,1 Hr,Valid
Shanghai,PM2.5,1/9/2016 18:00,2016,1,9,18,133,µg/m³,1 Hr,Valid
Shanghai,PM2.5,1/9/2016 19:00,2016,1,9,19,130,µg/m³,1 Hr,Valid
Shanghai,PM2.5,1/9/2016 20:00,2016,1,9,20,121,µg/m³,1 Hr,Valid
Shanghai,PM2.5,1/9/2016 21:00,2016,1,9,21,114,µg/m³,1 Hr,Valid
Shanghai,PM2.5,1/9/2016 22:00,2016,1,9,22,102,µg/m³,1 Hr,Valid
Shanghai,PM2.5,1/9/2016 23:00,2016,1,9,23,93,µg/m³,1 Hr,Valid
Shanghai,PM2.5,1/10/2016 0:00,2016,1,10,0,91,µg/m³,1 Hr,Valid
Shanghai,PM2.5,1/10/2016 1:00,2016,1,10,1,74,µg/m³,1 Hr,Valid
Shanghai,PM2.5,1/10/2016 2:00,2016,1,10,2,70,µg/m³,1 Hr,Valid
Shanghai,PM2.5,1/10/2016 3:00,2016,1,10,3,69,µg/m³,1 Hr,Valid
Shanghai,PM2.5,1/10/2016 4:00,2016,1,10,4,68,µg/m³,1 Hr,Valid
Shanghai,PM2.5,1/10/2016 5:00,2016,1,10,5,63,µg/m³,1 Hr,Valid
Shanghai,PM2.5,1/10/2016 6:00,2016,1,10,6,72,µg/m³,1 Hr,Valid
Shanghai,PM2.5,1/10/2016 7:00,2016,1,10,7,64,µg/m³,1 Hr,Valid
Shanghai,PM2.5,1/10/2016 8:00,2016,1,10,8,68,µg/m³,1 Hr,Valid
Shanghai,PM2.5,1/10/2016 9:00,2016,1,10,9,69,µg/m³,1 Hr,Valid
Shanghai,PM2.5,1/10/2016 10:00,2016,1,10,10,61,µg/m³,1 Hr,Valid
Shanghai,PM2.5,1/10/2016 11:00,2016,1,10,11,58,µg/m³,1 Hr,Valid
Shanghai,PM2.5,1/10/2016 12:00,2016,1,10,12,43,µg/m³,1 Hr,Valid
Shanghai,PM2.5,1/10/2016 13:00,2016,1,10,13,48,µg/m³,1 Hr,Valid
Shanghai,PM2.5,1/10/2016 14:00,2016,1,10,14,51,µg/m³,1 Hr,Valid
Shanghai,PM2.5,1/10/2016 15:00,2016,1,10,15,47,µg/m³,1 Hr,Valid
Shanghai,PM2.5,1/10/2016 16:00,2016,1,10,16,52,µg/m³,1 Hr,Valid
Shanghai,PM2.5,1/10/2016 17:00,2016,1,10,17,61,µg/m³,1 Hr,Valid
Shanghai,PM2.5,1/10/2016 18:00,2016,1,10,18,71,µg/m³,1 Hr,Valid
Shanghai,PM2.5,1/10/2016 19:00,2016,1,10,19,67,µg/m³,1 Hr,Valid
Shanghai,PM2.5,1/10/2016 20:00,2016,1,10,20,63,µg/m³,1 Hr,Valid
Shanghai,PM2.5,1/10/2016 21:00,2016,1,10,21,59,µg/m³,1 Hr,Valid
Shanghai,PM2.5,1/10/2016 22:00,2016,1,10,22,58,µg/m³,1 Hr,Valid
Shanghai,PM2.5,1/10/2016 23:00,2016,1,10,23,54,µg/m³,1 Hr,Valid
Shanghai,PM2.5,1/11/2016 0:00,2016,1,11,0,63,µg/m³,1 Hr,Valid
Shanghai,PM2.5,1/11/2016 1:00,2016,1,11,1,63,µg/m³,1 Hr,Valid
Shanghai,PM2.5,1/11/2016 2:00,2016,1,11,2,57,µg/m³,1 Hr,Valid
Shanghai,PM2.5,1/11/2016 3:00,2016,1,11,3,48,µg/m³,1 Hr,Valid
Shanghai,PM2.5,1/11/2016 4:00,2016,1,11,4,40,µg/m³,1 Hr,Valid
Shanghai,PM2.5,1/11/2016 5:00,2016,1,11,5,26,µg/m³,1 Hr,Valid
Shanghai,PM2.5,1/11/2016 6:00,2016,1,11,6,33,µg/m³,1 Hr,Valid
Shanghai,PM2.5,1/11/2016 7:00,2016,1,11,7,44,µg/m³,1 Hr,Valid
Shanghai,PM2.5,1/11/2016 8:00,2016,1,11,8,56,µg/m³,1 Hr,Valid
Shanghai,PM2.5,1/11/2016 9:00,2016,1,11,9,67,µg/m³,1 Hr,Valid
Shanghai,PM2.5,1/11/2016 10:00,2016,1,11,10,56,µg/m³,1 Hr,Valid
Shanghai,PM2.5,1/11/2016 11:00,2016,1,11,11,61,µg/m³,1 Hr,Valid
Shanghai,PM2.5,1/11/2016 12:00,2016,1,11,12,55,µg/m³,1 Hr,Valid
Shanghai,PM2.5,1/11/2016 13:00,2016,1,11,13,58,µg/m³,1 Hr,Valid
Shanghai,PM2.5,1/11/2016 14:00,2016,1,11,14,68,µg/m³,1 Hr,Valid
Shanghai,PM2.5,1/11/2016 15:00,2016,1,11,15,68,µg/m³,1 Hr,Valid
Shanghai,PM2.5,1/11/2016 16:00,2016,1,11,16,44,µg/m³,1 Hr,Valid
Shanghai,PM2.5,1/11/2016 17:00,2016,1,11,17,41,µg/m³,1 Hr,Valid
Shanghai,PM2.5,1/11/2016 18:00,2016,1,11,18,44,µg/m³,1 Hr,Valid
Shanghai,PM2.5,1/11/2016 19:00,2016,1,11,19,44,µg/m³,1 Hr,Valid
Shanghai,PM2.5,1/11/2016 20:00,2016,1,11,20,32,µg/m³,1 Hr,Valid
Shanghai,PM2.5,1/11/2016 21:00,2016,1,11,21,31,µg/m³,1 Hr,Valid
Shanghai,PM2.5,1/11/2016 22:00,2016,1,11,22,33,µg/m³,1 Hr,Valid
Shanghai,PM2.5,1/11/2016 23:00,2016,1,11,23,42,µg/m³,1 Hr,Valid
Shanghai,PM2.5,1/12/2016 0:00,2016,1,12,0,40,µg/m³,1 Hr,Valid
Shanghai,PM2.5,1/12/2016 1:00,2016,1,12,1,38,µg/m³,1 Hr,Valid
Shanghai,PM2.5,1/12/2016 2:00,2016,1,12,2,28,µg/m³,1 Hr,Valid
Shanghai,PM2.5,1/12/2016 3:00,2016,1,12,3,32,µg/m³,1 Hr,Valid
Shanghai,PM2.5,1/12/2016 4:00,2016,1,12,4,35,µg/m³,1 Hr,Valid
Shanghai,PM2.5,1/12/2016 5:00,2016,1,12,5,37,µg/m³,1 Hr,Valid
Shanghai,PM2.5,1/12/2016 6:00,2016,1,12,6,34,µg/m³,1 Hr,Valid
Shanghai,PM2.5,1/12/2016 7:00,2016,1,12,7,39,µg/m³,1 Hr,Valid
Shanghai,PM2.5,1/12/2016 8:00,2016,1,12,8,46,µg/m³,1 Hr,Valid
Shanghai,PM2.5,1/12/2016 9:00,2016,1,12,9,39,µg/m³,1 Hr,Valid
Shanghai,PM2.5,1/12/2016 10:00,2016,1,12,10,47,µg/m³,1 Hr,Valid
Shanghai,PM2.5,1/12/2016 11:00,2016,1,12,11,45,µg/m³,1 Hr,Valid
Shanghai,PM2.5,1/12/2016 12:00,2016,1,12,12,43,µg/m³,1 Hr,Valid
Shanghai,PM2.5,1/12/2016 13:00,2016,1,12,13,54,µg/m³,1 Hr,Valid
Shanghai,PM2.5,1/12/2016 14:00,2016,1,12,14,57,µg/m³,1 Hr,Valid
Shanghai,PM2.5,1/12/2016 15:00,2016,1,12,15,60,µg/m³,1 Hr,Valid
Shanghai,PM2.5,1/12/2016 16:00,2016,1,12,16,57,µg/m³,1 Hr,Valid
Shanghai,PM2.5,1/12/2016 17:00,2016,1,12,17,52,µg/m³,1 Hr,Valid
Shanghai,PM2.5,1/12/2016 18:00,2016,1,12,18,55,µg/m³,1 Hr,Valid
Shanghai,PM2.5,1/12/2016 19:00,2016,1,12,19,56,µg/m³,1 Hr,Valid
Shanghai,PM2.5,1/12/2016 20:00,2016,1,12,20,45,µg/m³,1 Hr,Valid
Shanghai,PM2.5,1/12/2016 21:00,2016,1,12,21,49,µg/m³,1 Hr,Valid
Shanghai,PM2.5,1/12/2016 22:00,2016,1,12,22,56,µg/m³,1 Hr,Valid
Shanghai,PM2.5,1/12/2016 23:00,2016,1,12,23,59,µg/m³,1 Hr,Valid
Shanghai,PM2.5,1/13/2016 0:00,2016,1,13,0,63,µg/m³,1 Hr,Valid
Shanghai,PM2.5,1/13/2016 1:00,2016,1,13,1,71,µg/m³,1 Hr,Valid
Shanghai,PM2.5,1/13/2016 2:00,2016,1,13,2,86,µg/m³,1 Hr,Valid
Shanghai,PM2.5,1/13/2016 3:00,2016,1,13,3,96,µg/m³,1 Hr,Valid
Shanghai,PM2.5,1/13/2016 4:00,2016,1,13,4,103,µg/m³,1 Hr,Valid
Shanghai,PM2.5,1/13/2016 5:00,2016,1,13,5,104,µg/m³,1 Hr,Valid
Shanghai,PM2.5,1/13/2016 6:00,2016,1,13,6,112,µg/m³,1 Hr,Valid
Shanghai,PM2.5,1/13/2016 7:00,2016,1,13,7,113,µg/m³,1 Hr,Valid
Shanghai,PM2.5,1/13/2016 8:00,2016,1,13,8,114,µg/m³,1 Hr,Valid
Shanghai,PM2.5,1/13/2016 9:00,2016,1,13,9,126,µg/m³,1 Hr,Valid
Shanghai,PM2.5,1/13/2016 10:00,2016,1,13,10,140,µg/m³,1 Hr,Valid
Shanghai,PM2.5,1/13/2016 11:00,2016,1,13,11,-999,µg/m³,1 Hr,Missing
Shanghai,PM2.5,1/13/2016 12:00,2016,1,13,12,-999,µg/m³,1 Hr,Missing
Shanghai,PM2.5,1/13/2016 13:00,2016,1,13,13,-999,µg/m³,1 Hr,Missing
Shanghai,PM2.5,1/13/2016 14:00,2016,1,13,14,136,µg/m³,1 Hr,Valid
Shanghai,PM2.5,1/13/2016 15:00,2016,1,13,15,141,µg/m³,1 Hr,Valid
Shanghai,PM2.5,1/13/2016 16:00,2016,1,13,16,155,µg/m³,1 Hr,Valid
Shanghai,PM2.5,1/13/2016 17:00,2016,1,13,17,153,µg/m³,1 Hr,Valid
Shanghai,PM2.5,1/13/2016 18:00,2016,1,13,18,147,µg/m³,1 Hr,Valid
Shanghai,PM2.5,1/13/2016 19:00,2016,1,13,19,151,µg/m³,1 Hr,Valid
Shanghai,PM2.5,1/13/2016 20:00,2016,1,13,20,162,µg/m³,1 Hr,Valid
Shanghai,PM2.5,1/13/2016 21:00,2016,1,13,21,163,µg/m³,1 Hr,Valid
Shanghai,PM2.5,1/13/2016 22:00,2016,1,13,22,159,µg/m³,1 Hr,Valid
Shanghai,PM2.5,1/13/2016 23:00,2016,1,13,23,153,µg/m³,1 Hr,Valid
Shanghai,PM2.5,1/14/2016 0:00,2016,1,14,0,149,µg/m³,1 Hr,Valid
Shanghai,PM2.5,1/14/2016 1:00,2016,1,14,1,146,µg/m³,1 Hr,Valid
Shanghai,PM2.5,1/14/2016 2:00,2016,1,14,2,139,µg/m³,1 Hr,Valid
Shanghai,PM2.5,1/14/2016 3:00,2016,1,14,3,137,µg/m³,1 Hr,Valid
Shanghai,PM2.5,1/14/2016 4:00,2016,1,14,4,134,µg/m³,1 Hr,Valid
Shanghai,PM2.5,1/14/2016 5:00,2016,1,14,5,145,µg/m³,1 Hr,Valid
Shanghai,PM2.5,1/14/2016 6:00,2016,1,14,6,154,µg/m³,1 Hr,Valid
Shanghai,PM2.5,1/14/2016 7:00,2016,1,14,7,166,µg/m³,1 Hr,Valid
Shanghai,PM2.5,1/14/2016 8:00,2016,1,14,8,169,µg/m³,1 Hr,Valid
Shanghai,PM2.5,1/14/2016 9:00,2016,1,14,9,180,µg/m³,1 Hr,Valid
Shanghai,PM2.5,1/14/2016 10:00,2016,1,14,10,167,µg/m³,1 Hr,Valid
Shanghai,PM2.5,1/14/2016 11:00,2016,1,14,11,157,µg/m³,1 Hr,Valid
Shanghai,PM2.5,1/14/2016 12:00,2016,1,14,12,155,µg/m³,1 Hr,Valid
Shanghai,PM2.5,1/14/2016 13:00,2016,1,14,13,160,µg/m³,1 Hr,Valid
Shanghai,PM2.5,1/14/2016 14:00,2016,1,14,14,156,µg/m³,1 Hr,Valid
Shanghai,PM2.5,1/14/2016 15:00,2016,1,14,15,154,µg/m³,1 Hr,Valid
Shanghai,PM2.5,1/14/2016 16:00,2016,1,14,16,152,µg/m³,1 Hr,Valid
Shanghai,PM2.5,1/14/2016 17:00,2016,1,14,17,142,µg/m³,1 Hr,Valid
Shanghai,PM2.5,1/14/2016 18:00,2016,1,14,18,143,µg/m³,1 Hr,Valid
Shanghai,PM2.5,1/14/2016 19:00,2016,1,14,19,212,µg/m³,1 Hr,Valid
Shanghai,PM2.5,1/14/2016 20:00,2016,1,14,20,201,µg/m³,1 Hr,Valid
Shanghai,PM2.5,1/14/2016 21:00,2016,1,14,21,175,µg/m³,1 Hr,Valid
Shanghai,PM2.5,1/14/2016 22:00,2016,1,14,22,175,µg/m³,1 Hr,Valid
Shanghai,PM2.5,1/14/2016 23:00,2016,1,14,23,178,µg/m³,1 Hr,Valid
Shanghai,PM2.5,1/15/2016 0:00,2016,1,15,0,187,µg/m³,1 Hr,Valid
Shanghai,PM2.5,1/15/2016 1:00,2016,1,15,1,178,µg/m³,1 Hr,Valid
Shanghai,PM2.5,1/15/2016 2:00,2016,1,15,2,170,µg/m³,1 Hr,Valid
Shanghai,PM2.5,1/15/2016 3:00,2016,1,15,3,163,µg/m³,1 Hr,Valid
Shanghai,PM2.5,1/15/2016 4:00,2016,1,15,4,155,µg/m³,1 Hr,Valid
Shanghai,PM2.5,1/15/2016 5:00,2016,1,15,5,151,µg/m³,1 Hr,Valid
Shanghai,PM2.5,1/15/2016 6:00,2016,1,15,6,156,µg/m³,1 Hr,Valid
Shanghai,PM2.5,1/15/2016 7:00,2016,1,15,7,154,µg/m³,1 Hr,Valid
Shanghai,PM2.5,1/15/2016 8:00,2016,1,15,8,148,µg/m³,1 Hr,Valid
Shanghai,PM2.5,1/15/2016 9:00,2016,1,15,9,156,µg/m³,1 Hr,Valid
Shanghai,PM2.5,1/15/2016 10:00,2016,1,15,10,136,µg/m³,1 Hr,Valid
Shanghai,PM2.5,1/15/2016 11:00,2016,1,15,11,104,µg/m³,1 Hr,Valid
Shanghai,PM2.5,1/15/2016 12:00,2016,1,15,12,100,µg/m³,1 Hr,Valid
Shanghai,PM2.5,1/15/2016 13:00,2016,1,15,13,101,µg/m³,1 Hr,Valid
Shanghai,PM2.5,1/15/2016 14:00,2016,1,15,14,104,µg/m³,1 Hr,Valid
Shanghai,PM2.5,1/15/2016 15:00,2016,1,15,15,109,µg/m³,1 Hr,Valid
Shanghai,PM2.5,1/15/2016 16:00,2016,1,15,16,84,µg/m³,1 Hr,Valid
Shanghai,PM2.5,1/15/2016 17:00,2016,1,15,17,84,µg/m³,1 Hr,Valid
Shanghai,PM2.5,1/15/2016 18:00,2016,1,15,18,89,µg/m³,1 Hr,Valid
Shanghai,PM2.5,1/15/2016 19:00,2016,1,15,19,126,µg/m³,1 Hr,Valid
Shanghai,PM2.5,1/15/2016 20:00,2016,1,15,20,146,µg/m³,1 Hr,Valid
Shanghai,PM2.5,1/15/2016 21:00,2016,1,15,21,140,µg/m³,1 Hr,Valid
Shanghai,PM2.5,1/15/2016 22:00,2016,1,15,22,128,µg/m³,1 Hr,Valid
Shanghai,PM2.5,1/15/2016 23:00,2016,1,15,23,125,µg/m³,1 Hr,Valid
Shanghai,PM2.5,1/16/2016 0:00,2016,1,16,0,128,µg/m³,1 Hr,Valid
Shanghai,PM2.5,1/16/2016 1:00,2016,1,16,1,131,µg/m³,1 Hr,Valid
Shanghai,PM2.5,1/16/2016 2:00,2016,1,16,2,128,µg/m³,1 Hr,Valid
Shanghai,PM2.5,1/16/2016 3:00,2016,1,16,3,130,µg/m³,1 Hr,Valid
Shanghai,PM2.5,1/16/2016 4:00,2016,1,16,4,125,µg/m³,1 Hr,Valid
Shanghai,PM2.5,1/16/2016 5:00,2016,1,16,5,126,µg/m³,1 Hr,Valid
Shanghai,PM2.5,1/16/2016 6:00,2016,1,16,6,130,µg/m³,1 Hr,Valid
Shanghai,PM2.5,1/16/2016 7:00,2016,1,16,7,141,µg/m³,1 Hr,Valid
Shanghai,PM2.5,1/16/2016 8:00,2016,1,16,8,164,µg/m³,1 Hr,Valid
Shanghai,PM2.5,1/16/2016 9:00,2016,1,16,9,152,µg/m³,1 Hr,Valid
Shanghai,PM2.5,1/16/2016 10:00,2016,1,16,10,130,µg/m³,1 Hr,Valid
Shanghai,PM2.5,1/16/2016 11:00,2016,1,16,11,128,µg/m³,1 Hr,Valid
Shanghai,PM2.5,1/16/2016 12:00,2016,1,16,12,115,µg/m³,1 Hr,Valid
Shanghai,PM2.5,1/16/2016 13:00,2016,1,16,13,110,µg/m³,1 Hr,Valid
Shanghai,PM2.5,1/16/2016 14:00,2016,1,16,14,111,µg/m³,1 Hr,Valid
Shanghai,PM2.5,1/16/2016 15:00,2016,1,16,15,113,µg/m³,1 Hr,Valid
Shanghai,PM2.5,1/16/2016 16:00,2016,1,16,16,121,µg/m³,1 Hr,Valid
Shanghai,PM2.5,1/16/2016 17:00,2016,1,16,17,116,µg/m³,1 Hr,Valid
Shanghai,PM2.5,1/16/2016 18:00,2016,1,16,18,116,µg/m³,1 Hr,Valid
Shanghai,PM2.5,1/16/2016 19:00,2016,1,16,19,119,µg/m³,1 Hr,Valid
Shanghai,PM2.5,1/16/2016 20:00,2016,1,16,20,115,µg/m³,1 Hr,Valid
Shanghai,PM2.5,1/16/2016 21:00,2016,1,16,21,108,µg/m³,1 Hr,Valid
Shanghai,PM2.5,1/16/2016 22:00,2016,1,16,22,111,µg/m³,1 Hr,Valid
Shanghai,PM2.5,1/16/2016 23:00,2016,1,16,23,117,µg/m³,1 Hr,Valid
Shanghai,PM2.5,1/17/2016 0:00,2016,1,17,0,110,µg/m³,1 Hr,Valid
Shanghai,PM2.5,1/17/2016 1:00,2016,1,17,1,94,µg/m³,1 Hr,Valid
Shanghai,PM2.5,1/17/2016 2:00,2016,1,17,2,82,µg/m³,1 Hr,Valid
Shanghai,PM2.5,1/17/2016 3:00,2016,1,17,3,76,µg/m³,1 Hr,Valid
Shanghai,PM2.5,1/17/2016 4:00,2016,1,17,4,73,µg/m³,1 Hr,Valid
Shanghai,PM2.5,1/17/2016 5:00,2016,1,17,5,74,µg/m³,1 Hr,Valid
Shanghai,PM2.5,1/17/2016 6:00,2016,1,17,6,70,µg/m³,1 Hr,Valid
Shanghai,PM2.5,1/17/2016 7:00,2016,1,17,7,50,µg/m³,1 Hr,Valid
Shanghai,PM2.5,1/17/2016 8:00,2016,1,17,8,62,µg/m³,1 Hr,Valid
Shanghai,PM2.5,1/17/2016 9:00,2016,1,17,9,48,µg/m³,1 Hr,Valid
Shanghai,PM2.5,1/17/2016 10:00,2016,1,17,10,42,µg/m³,1 Hr,Valid
Shanghai,PM2.5,1/17/2016 11:00,2016,1,17,11,57,µg/m³,1 Hr,Valid
Shanghai,PM2.5,1/17/2016 12:00,2016,1,17,12,64,µg/m³,1 Hr,Valid
Shanghai,PM2.5,1/17/2016 13:00,2016,1,17,13,82,µg/m³,1 Hr,Valid
Shanghai,PM2.5,1/17/2016 14:00,2016,1,17,14,72,µg/m³,1 Hr,Valid
Shanghai,PM2.5,1/17/2016 15:00,2016,1,17,15,78,µg/m³,1 Hr,Valid
Shanghai,PM2.5,1/17/2016 16:00,2016,1,17,16,70,µg/m³,1 Hr,Valid
Shanghai,PM2.5,1/17/2016 17:00,2016,1,17,17,77,µg/m³,1 Hr,Valid
Shanghai,PM2.5,1/17/2016 18:00,2016,1,17,18,79,µg/m³,1 Hr,Valid
Shanghai,PM2.5,1/17/2016 19:00,2016,1,17,19,87,µg/m³,1 Hr,Valid
Shanghai,PM2.5,1/17/2016 20:00,2016,1,17,20,108,µg/m³,1 Hr,Valid
Shanghai,PM2.5,1/17/2016 21:00,2016,1,17,21,159,µg/m³,1 Hr,Valid
Shanghai,PM2.5,1/17/2016 22:00,2016,1,17,22,205,µg/m³,1 Hr,Valid
Shanghai,PM2.5,1/17/2016 23:00,2016,1,17,23,202,µg/m³,1 Hr,Valid
Shanghai,PM2.5,1/18/2016 0:00,2016,1,18,0,188,µg/m³,1 Hr,Valid
Shanghai,PM2.5,1/18/2016 1:00,2016,1,18,1,176,µg/m³,1 Hr,Valid
Shanghai,PM2.5,1/18/2016 2:00,2016,1,18,2,181,µg/m³,1 Hr,Valid
Shanghai,PM2.5,1/18/2016 3:00,2016,1,18,3,163,µg/m³,1 Hr,Valid
Shanghai,PM2.5,1/18/2016 4:00,2016,1,18,4,150,µg/m³,1 Hr,Valid
Shanghai,PM2.5,1/18/2016 5:00,2016,1,18,5,152,µg/m³,1 Hr,Valid
Shanghai,PM2.5,1/18/2016 6:00,2016,1,18,6,147,µg/m³,1 Hr,Valid
Shanghai,PM2.5,1/18/2016 7:00,2016,1,18,7,143,µg/m³,1 Hr,Valid
Shanghai,PM2.5,1/18/2016 8:00,2016,1,18,8,128,µg/m³,1 Hr,Valid
Shanghai,PM2.5,1/18/2016 9:00,2016,1,18,9,117,µg/m³,1 Hr,Valid
Shanghai,PM2.5,1/18/2016 10:00,2016,1,18,10,124,µg/m³,1 Hr,Valid
Shanghai,PM2.5,1/18/2016 11:00,2016,1,18,11,128,µg/m³,1 Hr,Valid
Shanghai,PM2.5,1/18/2016 12:00,2016,1,18,12,131,µg/m³,1 Hr,Valid
Shanghai,PM2.5,1/18/2016 13:00,2016,1,18,13,127,µg/m³,1 Hr,Valid
Shanghai,PM2.5,1/18/2016 14:00,2016,1,18,14,138,µg/m³,1 Hr,Valid
Shanghai,PM2.5,1/18/2016 15:00,2016,1,18,15,147,µg/m³,1 Hr,Valid
Shanghai,PM2.5,1/18/2016 16:00,2016,1,18,16,142,µg/m³,1 Hr,Valid
Shanghai,PM2.5,1/18/2016 17:00,2016,1,18,17,125,µg/m³,1 Hr,Valid
Shanghai,PM2.5,1/18/2016 18:00,2016,1,18,18,122,µg/m³,1 Hr,Valid
Shanghai,PM2.5,1/18/2016 19:00,2016,1,18,19,126,µg/m³,1 Hr,Valid
Shanghai,PM2.5,1/18/2016 20:00,2016,1,18,20,105,µg/m³,1 Hr,Valid
Shanghai,PM2.5,1/18/2016 21:00,2016,1,18,21,100,µg/m³,1 Hr,Valid
Shanghai,PM2.5,1/18/2016 22:00,2016,1,18,22,102,µg/m³,1 Hr,Valid
Shanghai,PM2.5,1/18/2016 23:00,2016,1,18,23,88,µg/m³,1 Hr,Valid
Shanghai,PM2.5,1/19/2016 0:00,2016,1,19,0,96,µg/m³,1 Hr,Valid
Shanghai,PM2.5,1/19/2016 1:00,2016,1,19,1,107,µg/m³,1 Hr,Valid
Shanghai,PM2.5,1/19/2016 2:00,2016,1,19,2,125,µg/m³,1 Hr,Valid
Shanghai,PM2.5,1/19/2016 3:00,2016,1,19,3,137,µg/m³,1 Hr,Valid
Shanghai,PM2.5,1/19/2016 4:00,2016,1,19,4,133,µg/m³,1 Hr,Valid
Shanghai,PM2.5,1/19/2016 5:00,2016,1,19,5,132,µg/m³,1 Hr,Valid
Shanghai,PM2.5,1/19/2016 6:00,2016,1,19,6,142,µg/m³,1 Hr,Valid
Shanghai,PM2.5,1/19/2016 7:00,2016,1,19,7,148,µg/m³,1 Hr,Valid
Shanghai,PM2.5,1/19/2016 8:00,2016,1,19,8,142,µg/m³,1 Hr,Valid
Shanghai,PM2.5,1/19/2016 9:00,2016,1,19,9,111,µg/m³,1 Hr,Valid
Shanghai,PM2.5,1/19/2016 10:00,2016,1,19,10,90,µg/m³,1 Hr,Valid
Shanghai,PM2.5,1/19/2016 11:00,2016,1,19,11,93,µg/m³,1 Hr,Valid
Shanghai,PM2.5,1/19/2016 12:00,2016,1,19,12,60,µg/m³,1 Hr,Valid
Shanghai,PM2.5,1/19/2016 13:00,2016,1,19,13,39,µg/m³,1 Hr,Valid
Shanghai,PM2.5,1/19/2016 14:00,2016,1,19,14,56,µg/m³,1 Hr,Valid
Shanghai,PM2.5,1/19/2016 15:00,2016,1,19,15,59,µg/m³,1 Hr,Valid
Shanghai,PM2.5,1/19/2016 16:00,2016,1,19,16,71,µg/m³,1 Hr,Valid
Shanghai,PM2.5,1/19/2016 17:00,2016,1,19,17,69,µg/m³,1 Hr,Valid
Shanghai,PM2.5,1/19/2016 18:00,2016,1,19,18,69,µg/m³,1 Hr,Valid
Shanghai,PM2.5,1/19/2016 19:00,2016,1,19,19,73,µg/m³,1 Hr,Valid
Shanghai,PM2.5,1/19/2016 20:00,2016,1,19,20,63,µg/m³,1 Hr,Valid
Shanghai,PM2.5,1/19/2016 21:00,2016,1,19,21,59,µg/m³,1 Hr,Valid
Shanghai,PM2.5,1/19/2016 22:00,2016,1,19,22,50,µg/m³,1 Hr,Valid
Shanghai,PM2.5,1/19/2016 23:00,2016,1,19,23,32,µg/m³,1 Hr,Valid
Shanghai,PM2.5,1/20/2016 0:00,2016,1,20,0,29,µg/m³,1 Hr,Valid
Shanghai,PM2.5,1/20/2016 1:00,2016,1,20,1,33,µg/m³,1 Hr,Valid
Shanghai,PM2.5,1/20/2016 2:00,2016,1,20,2,31,µg/m³,1 Hr,Valid
Shanghai,PM2.5,1/20/2016 3:00,2016,1,20,3,31,µg/m³,1 Hr,Valid
Shanghai,PM2.5,1/20/2016 4:00,2016,1,20,4,33,µg/m³,1 Hr,Valid
Shanghai,PM2.5,1/20/2016 5:00,2016,1,20,5,36,µg/m³,1 Hr,Valid
Shanghai,PM2.5,1/20/2016 6:00,2016,1,20,6,39,µg/m³,1 Hr,Valid
Shanghai,PM2.5,1/20/2016 7:00,2016,1,20,7,45,µg/m³,1 Hr,Valid
Shanghai,PM2.5,1/20/2016 8:00,2016,1,20,8,49,µg/m³,1 Hr,Valid
Shanghai,PM2.5,1/20/2016 9:00,2016,1,20,9,30,µg/m³,1 Hr,Valid
Shanghai,PM2.5,1/20/2016 10:00,2016,1,20,10,26,µg/m³,1 Hr,Valid
Shanghai,PM2.5,1/20/2016 11:00,2016,1,20,11,24,µg/m³,1 Hr,Valid
Shanghai,PM2.5,1/20/2016 12:00,2016,1,20,12,24,µg/m³,1 Hr,Valid
Shanghai,PM2.5,1/20/2016 13:00,2016,1,20,13,15,µg/m³,1 Hr,Valid
Shanghai,PM2.5,1/20/2016 14:00,2016,1,20,14,17,µg/m³,1 Hr,Valid
Shanghai,PM2.5,1/20/2016 15:00,2016,1,20,15,19,µg/m³,1 Hr,Valid
Shanghai,PM2.5,1/20/2016 16:00,2016,1,20,16,19,µg/m³,1 Hr,Valid
Shanghai,PM2.5,1/20/2016 17:00,2016,1,20,17,22,µg/m³,1 Hr,Valid
Shanghai,PM2.5,1/20/2016 18:00,2016,1,20,18,21,µg/m³,1 Hr,Valid
Shanghai,PM2.5,1/20/2016 19:00,2016,1,20,19,20,µg/m³,1 Hr,Valid
Shanghai,PM2.5,1/20/2016 20:00,2016,1,20,20,21,µg/m³,1 Hr,Valid
Shanghai,PM2.5,1/20/2016 21:00,2016,1,20,21,22,µg/m³,1 Hr,Valid
Shanghai,PM2.5,1/20/2016 22:00,2016,1,20,22,25,µg/m³,1 Hr,Valid
Shanghai,PM2.5,1/20/2016 23:00,2016,1,20,23,18,µg/m³,1 Hr,Valid
Shanghai,PM2.5,1/21/2016 0:00,2016,1,21,0,25,µg/m³,1 Hr,Valid
Shanghai,PM2.5,1/21/2016 1:00,2016,1,21,1,21,µg/m³,1 Hr,Valid
Shanghai,PM2.5,1/21/2016 2:00,2016,1,21,2,21,µg/m³,1 Hr,Valid
Shanghai,PM2.5,1/21/2016 3:00,2016,1,21,3,17,µg/m³,1 Hr,Valid
Shanghai,PM2.5,1/21/2016 4:00,2016,1,21,4,22,µg/m³,1 Hr,Valid
Shanghai,PM2.5,1/21/2016 5:00,2016,1,21,5,23,µg/m³,1 Hr,Valid
Shanghai,PM2.5,1/21/2016 6:00,2016,1,21,6,13,µg/m³,1 Hr,Valid
Shanghai,PM2.5,1/21/2016 7:00,2016,1,21,7,19,µg/m³,1 Hr,Valid
Shanghai,PM2.5,1/21/2016 8:00,2016,1,21,8,19,µg/m³,1 Hr,Valid
Shanghai,PM2.5,1/21/2016 9:00,2016,1,21,9,18,µg/m³,1 Hr,Valid
Shanghai,PM2.5,1/21/2016 10:00,2016,1,21,10,-999,µg/m³,1 Hr,Missing
Shanghai,PM2.5,1/21/2016 11:00,2016,1,21,11,23,µg/m³,1 Hr,Valid
Shanghai,PM2.5,1/21/2016 12:00,2016,1,21,12,21,µg/m³,1 Hr,Valid
Shanghai,PM2.5,1/21/2016 13:00,2016,1,21,13,23,µg/m³,1 Hr,Valid
Shanghai,PM2.5,1/21/2016 14:00,2016,1,21,14,21,µg/m³,1 Hr,Valid
Shanghai,PM2.5,1/21/2016 15:00,2016,1,21,15,23,µg/m³,1 Hr,Valid
Shanghai,PM2.5,1/21/2016 16:00,2016,1,21,16,20,µg/m³,1 Hr,Valid
Shanghai,PM2.5,1/21/2016 17:00,2016,1,21,17,26,µg/m³,1 Hr,Valid
Shanghai,PM2.5,1/21/2016 18:00,2016,1,21,18,25,µg/m³,1 Hr,Valid
Shanghai,PM2.5,1/21/2016 19:00,2016,1,21,19,24,µg/m³,1 Hr,Valid
Shanghai,PM2.5,1/21/2016 20:00,2016,1,21,20,28,µg/m³,1 Hr,Valid
Shanghai,PM2.5,1/21/2016 21:00,2016,1,21,21,24,µg/m³,1 Hr,Valid
Shanghai,PM2.5,1/21/2016 22:00,2016,1,21,22,24,µg/m³,1 Hr,Valid
Shanghai,PM2.5,1/21/2016 23:00,2016,1,21,23,33,µg/m³,1 Hr,Valid
Shanghai,PM2.5,1/22/2016 0:00,2016,1,22,0,24,µg/m³,1 Hr,Valid
Shanghai,PM2.5,1/22/2016 1:00,2016,1,22,1,27,µg/m³,1 Hr,Valid
Shanghai,PM2.5,1/22/2016 2:00,2016,1,22,2,36,µg/m³,1 Hr,Valid
Shanghai,PM2.5,1/22/2016 3:00,2016,1,22,3,43,µg/m³,1 Hr,Valid
Shanghai,PM2.5,1/22/2016 4:00,2016,1,22,4,49,µg/m³,1 Hr,Valid
Shanghai,PM2.5,1/22/2016 5:00,2016,1,22,5,47,µg/m³,1 Hr,Valid
Shanghai,PM2.5,1/22/2016 6:00,2016,1,22,6,27,µg/m³,1 Hr,Valid
Shanghai,PM2.5,1/22/2016 7:00,2016,1,22,7,24,µg/m³,1 Hr,Valid
Shanghai,PM2.5,1/22/2016 8:00,2016,1,22,8,26,µg/m³,1 Hr,Valid
Shanghai,PM2.5,1/22/2016 9:00,2016,1,22,9,27,µg/m³,1 Hr,Valid
Shanghai,PM2.5,1/22/2016 10:00,2016,1,22,10,23,µg/m³,1 Hr,Valid
Shanghai,PM2.5,1/22/2016 11:00,2016,1,22,11,28,µg/m³,1 Hr,Valid
Shanghai,PM2.5,1/22/2016 12:00,2016,1,22,12,27,µg/m³,1 Hr,Valid
Shanghai,PM2.5,1/22/2016 13:00,2016,1,22,13,39,µg/m³,1 Hr,Valid
Shanghai,PM2.5,1/22/2016 14:00,2016,1,22,14,40,µg/m³,1 Hr,Valid
Shanghai,PM2.5,1/22/2016 15:00,2016,1,22,15,60,µg/m³,1 Hr,Valid
Shanghai,PM2.5,1/22/2016 16:00,2016,1,22,16,66,µg/m³,1 Hr,Valid
Shanghai,PM2.5,1/22/2016 17:00,2016,1,22,17,76,µg/m³,1 Hr,Valid
Shanghai,PM2.5,1/22/2016 18:00,2016,1,22,18,73,µg/m³,1 Hr,Valid
Shanghai,PM2.5,1/22/2016 19:00,2016,1,22,19,74,µg/m³,1 Hr,Valid
Shanghai,PM2.5,1/22/2016 20:00,2016,1,22,20,57,µg/m³,1 Hr,Valid
Shanghai,PM2.5,1/22/2016 21:00,2016,1,22,21,43,µg/m³,1 Hr,Valid
Shanghai,PM2.5,1/22/2016 22:00,2016,1,22,22,41,µg/m³,1 Hr,Valid
Shanghai,PM2.5,1/22/2016 23:00,2016,1,22,23,43,µg/m³,1 Hr,Valid
Shanghai,PM2.5,1/23/2016 0:00,2016,1,23,0,54,µg/m³,1 Hr,Valid
Shanghai,PM2.5,1/23/2016 1:00,2016,1,23,1,50,µg/m³,1 Hr,Valid
Shanghai,PM2.5,1/23/2016 2:00,2016,1,23,2,64,µg/m³,1 Hr,Valid
Shanghai,PM2.5,1/23/2016 3:00,2016,1,23,3,87,µg/m³,1 Hr,Valid
Shanghai,PM2.5,1/23/2016 4:00,2016,1,23,4,92,µg/m³,1 Hr,Valid
Shanghai,PM2.5,1/23/2016 5:00,2016,1,23,5,88,µg/m³,1 Hr,Valid
Shanghai,PM2.5,1/23/2016 6:00,2016,1,23,6,64,µg/m³,1 Hr,Valid
Shanghai,PM2.5,1/23/2016 7:00,2016,1,23,7,55,µg/m³,1 Hr,Valid
Shanghai,PM2.5,1/23/2016 8:00,2016,1,23,8,49,µg/m³,1 Hr,Valid
Shanghai,PM2.5,1/23/2016 9:00,2016,1,23,9,38,µg/m³,1 Hr,Valid
Shanghai,PM2.5,1/23/2016 10:00,2016,1,23,10,27,µg/m³,1 Hr,Valid
Shanghai,PM2.5,1/23/2016 11:00,2016,1,23,11,23,µg/m³,1 Hr,Valid
Shanghai,PM2.5,1/23/2016 12:00,2016,1,23,12,21,µg/m³,1 Hr,Valid
Shanghai,PM2.5,1/23/2016 13:00,2016,1,23,13,27,µg/m³,1 Hr,Valid
Shanghai,PM2.5,1/23/2016 14:00,2016,1,23,14,26,µg/m³,1 Hr,Valid
Shanghai,PM2.5,1/23/2016 15:00,2016,1,23,15,36,µg/m³,1 Hr,Valid
Shanghai,PM2.5,1/23/2016 16:00,2016,1,23,16,33,µg/m³,1 Hr,Valid
Shanghai,PM2.5,1/23/2016 17:00,2016,1,23,17,35,µg/m³,1 Hr,Valid
Shanghai,PM2.5,1/23/2016 18:00,2016,1,23,18,42,µg/m³,1 Hr,Valid
Shanghai,PM2.5,1/23/2016 19:00,2016,1,23,19,42,µg/m³,1 Hr,Valid
Shanghai,PM2.5,1/23/2016 20:00,2016,1,23,20,45,µg/m³,1 Hr,Valid
Shanghai,PM2.5,1/23/2016 21:00,2016,1,23,21,51,µg/m³,1 Hr,Valid
Shanghai,PM2.5,1/23/2016 22:00,2016,1,23,22,55,µg/m³,1 Hr,Valid
Shanghai,PM2.5,1/23/2016 23:00,2016,1,23,23,56,µg/m³,1 Hr,Valid
Shanghai,PM2.5,1/24/2016 0:00,2016,1,24,0,58,µg/m³,1 Hr,Valid
Shanghai,PM2.5,1/24/2016 1:00,2016,1,24,1,54,µg/m³,1 Hr,Valid
Shanghai,PM2.5,1/24/2016 2:00,2016,1,24,2,53,µg/m³,1 Hr,Valid
Shanghai,PM2.5,1/24/2016 3:00,2016,1,24,3,59,µg/m³,1 Hr,Valid
Shanghai,PM2.5,1/24/2016 4:00,2016,1,24,4,67,µg/m³,1 Hr,Valid
Shanghai,PM2.5,1/24/2016 5:00,2016,1,24,5,38,µg/m³,1 Hr,Valid
Shanghai,PM2.5,1/24/2016 6:00,2016,1,24,6,29,µg/m³,1 Hr,Valid
Shanghai,PM2.5,1/24/2016 7:00,2016,1,24,7,23,µg/m³,1 Hr,Valid
Shanghai,PM2.5,1/24/2016 8:00,2016,1,24,8,24,µg/m³,1 Hr,Valid
Shanghai,PM2.5,1/24/2016 9:00,2016,1,24,9,30,µg/m³,1 Hr,Valid
Shanghai,PM2.5,1/24/2016 10:00,2016,1,24,10,24,µg/m³,1 Hr,Valid
Shanghai,PM2.5,1/24/2016 11:00,2016,1,24,11,24,µg/m³,1 Hr,Valid
Shanghai,PM2.5,1/24/2016 12:00,2016,1,24,12,24,µg/m³,1 Hr,Valid
Shanghai,PM2.5,1/24/2016 13:00,2016,1,24,13,24,µg/m³,1 Hr,Valid
Shanghai,PM2.5,1/24/2016 14:00,2016,1,24,14,22,µg/m³,1 Hr,Valid
Shanghai,PM2.5,1/24/2016 15:00,2016,1,24,15,22,µg/m³,1 Hr,Valid
Shanghai,PM2.5,1/24/2016 16:00,2016,1,24,16,29,µg/m³,1 Hr,Valid
Shanghai,PM2.5,1/24/2016 17:00,2016,1,24,17,24,µg/m³,1 Hr,Valid
Shanghai,PM2.5,1/24/2016 18:00,2016,1,24,18,28,µg/m³,1 Hr,Valid
Shanghai,PM2.5,1/24/2016 19:00,2016,1,24,19,28,µg/m³,1 Hr,Valid
Shanghai,PM2.5,1/24/2016 20:00,2016,1,24,20,31,µg/m³,1 Hr,Valid
Shanghai,PM2.5,1/24/2016 21:00,2016,1,24,21,37,µg/m³,1 Hr,Valid
Shanghai,PM2.5,1/24/2016 22:00,2016,1,24,22,39,µg/m³,1 Hr,Valid
Shanghai,PM2.5,1/24/2016 23:00,2016,1,24,23,38,µg/m³,1 Hr,Valid
Shanghai,PM2.5,1/25/2016 0:00,2016,1,25,0,44,µg/m³,1 Hr,Valid
Shanghai,PM2.5,1/25/2016 1:00,2016,1,25,1,43,µg/m³,1 Hr,Valid
Shanghai,PM2.5,1/25/2016 2:00,2016,1,25,2,43,µg/m³,1 Hr,Valid
Shanghai,PM2.5,1/25/2016 3:00,2016,1,25,3,44,µg/m³,1 Hr,Valid
Shanghai,PM2.5,1/25/2016 4:00,2016,1,25,4,42,µg/m³,1 Hr,Valid
Shanghai,PM2.5,1/25/2016 5:00,2016,1,25,5,40,µg/m³,1 Hr,Valid
Shanghai,PM2.5,1/25/2016 6:00,2016,1,25,6,33,µg/m³,1 Hr,Valid
Shanghai,PM2.5,1/25/2016 7:00,2016,1,25,7,41,µg/m³,1 Hr,Valid
Shanghai,PM2.5,1/25/2016 8:00,2016,1,25,8,34,µg/m³,1 Hr,Valid
Shanghai,PM2.5,1/25/2016 9:00,2016,1,25,9,37,µg/m³,1 Hr,Valid
Shanghai,PM2.5,1/25/2016 10:00,2016,1,25,10,32,µg/m³,1 Hr,Valid
Shanghai,PM2.5,1/25/2016 11:00,2016,1,25,11,35,µg/m³,1 Hr,Valid
Shanghai,PM2.5,1/25/2016 12:00,2016,1,25,12,41,µg/m³,1 Hr,Valid
Shanghai,PM2.5,1/25/2016 13:00,2016,1,25,13,37,µg/m³,1 Hr,Valid
Shanghai,PM2.5,1/25/2016 14:00,2016,1,25,14,34,µg/m³,1 Hr,Valid
Shanghai,PM2.5,1/25/2016 15:00,2016,1,25,15,36,µg/m³,1 Hr,Valid
Shanghai,PM2.5,1/25/2016 16:00,2016,1,25,16,41,µg/m³,1 Hr,Valid
Shanghai,PM2.5,1/25/2016 17:00,2016,1,25,17,42,µg/m³,1 Hr,Valid
Shanghai,PM2.5,1/25/2016 18:00,2016,1,25,18,45,µg/m³,1 Hr,Valid
Shanghai,PM2.5,1/25/2016 19:00,2016,1,25,19,42,µg/m³,1 Hr,Valid
Shanghai,PM2.5,1/25/2016 20:00,2016,1,25,20,46,µg/m³,1 Hr,Valid
Shanghai,PM2.5,1/25/2016 21:00,2016,1,25,21,45,µg/m³,1 Hr,Valid
Shanghai,PM2.5,1/25/2016 22:00,2016,1,25,22,51,µg/m³,1 Hr,Valid
Shanghai,PM2.5,1/25/2016 23:00,2016,1,25,23,51,µg/m³,1 Hr,Valid
Shanghai,PM2.5,1/26/2016 0:00,2016,1,26,0,48,µg/m³,1 Hr,Valid
Shanghai,PM2.5,1/26/2016 1:00,2016,1,26,1,40,µg/m³,1 Hr,Valid
Shanghai,PM2.5,1/26/2016 2:00,2016,1,26,2,45,µg/m³,1 Hr,Valid
Shanghai,PM2.5,1/26/2016 3:00,2016,1,26,3,45,µg/m³,1 Hr,Valid
Shanghai,PM2.5,1/26/2016 4:00,2016,1,26,4,54,µg/m³,1 Hr,Valid
Shanghai,PM2.5,1/26/2016 5:00,2016,1,26,5,61,µg/m³,1 Hr,Valid
Shanghai,PM2.5,1/26/2016 6:00,2016,1,26,6,60,µg/m³,1 Hr,Valid
Shanghai,PM2.5,1/26/2016 7:00,2016,1,26,7,74,µg/m³,1 Hr,Valid
Shanghai,PM2.5,1/26/2016 8:00,2016,1,26,8,80,µg/m³,1 Hr,Valid
Shanghai,PM2.5,1/26/2016 9:00,2016,1,26,9,80,µg/m³,1 Hr,Valid
Shanghai,PM2.5,1/26/2016 10:00,2016,1,26,10,48,µg/m³,1 Hr,Valid
Shanghai,PM2.5,1/26/2016 11:00,2016,1,26,11,57,µg/m³,1 Hr,Valid
Shanghai,PM2.5,1/26/2016 12:00,2016,1,26,12,52,µg/m³,1 Hr,Valid
Shanghai,PM2.5,1/26/2016 13:00,2016,1,26,13,49,µg/m³,1 Hr,Valid
Shanghai,PM2.5,1/26/2016 14:00,2016,1,26,14,44,µg/m³,1 Hr,Valid
Shanghai,PM2.5,1/26/2016 15:00,2016,1,26,15,40,µg/m³,1 Hr,Valid
Shanghai,PM2.5,1/26/2016 16:00,2016,1,26,16,51,µg/m³,1 Hr,Valid
Shanghai,PM2.5,1/26/2016 17:00,2016,1,26,17,56,µg/m³,1 Hr,Valid
Shanghai,PM2.5,1/26/2016 18:00,2016,1,26,18,57,µg/m³,1 Hr,Valid
Shanghai,PM2.5,1/26/2016 19:00,2016,1,26,19,74,µg/m³,1 Hr,Valid
Shanghai,PM2.5,1/26/2016 20:00,2016,1,26,20,73,µg/m³,1 Hr,Valid
Shanghai,PM2.5,1/26/2016 21:00,2016,1,26,21,73,µg/m³,1 Hr,Valid
Shanghai,PM2.5,1/26/2016 22:00,2016,1,26,22,70,µg/m³,1 Hr,Valid
Shanghai,PM2.5,1/26/2016 23:00,2016,1,26,23,60,µg/m³,1 Hr,Valid
Shanghai,PM2.5,1/27/2016 0:00,2016,1,27,0,44,µg/m³,1 Hr,Valid
Shanghai,PM2.5,1/27/2016 1:00,2016,1,27,1,43,µg/m³,1 Hr,Valid
Shanghai,PM2.5,1/27/2016 2:00,2016,1,27,2,45,µg/m³,1 Hr,Valid
Shanghai,PM2.5,1/27/2016 3:00,2016,1,27,3,42,µg/m³,1 Hr,Valid
Shanghai,PM2.5,1/27/2016 4:00,2016,1,27,4,40,µg/m³,1 Hr,Valid
Shanghai,PM2.5,1/27/2016 5:00,2016,1,27,5,42,µg/m³,1 Hr,Valid
Shanghai,PM2.5,1/27/2016 6:00,2016,1,27,6,41,µg/m³,1 Hr,Valid
Shanghai,PM2.5,1/27/2016 7:00,2016,1,27,7,44,µg/m³,1 Hr,Valid
Shanghai,PM2.5,1/27/2016 8:00,2016,1,27,8,44,µg/m³,1 Hr,Valid
Shanghai,PM2.5,1/27/2016 9:00,2016,1,27,9,49,µg/m³,1 Hr,Valid
Shanghai,PM2.5,1/27/2016 10:00,2016,1,27,10,48,µg/m³,1 Hr,Valid
Shanghai,PM2.5,1/27/2016 11:00,2016,1,27,11,54,µg/m³,1 Hr,Valid
Shanghai,PM2.5,1/27/2016 12:00,2016,1,27,12,44,µg/m³,1 Hr,Valid
Shanghai,PM2.5,1/27/2016 13:00,2016,1,27,13,52,µg/m³,1 Hr,Valid
Shanghai,PM2.5,1/27/2016 14:00,2016,1,27,14,47,µg/m³,1 Hr,Valid
Shanghai,PM2.5,1/27/2016 15:00,2016,1,27,15,39,µg/m³,1 Hr,Valid
Shanghai,PM2.5,1/27/2016 16:00,2016,1,27,16,42,µg/m³,1 Hr,Valid
Shanghai,PM2.5,1/27/2016 17:00,2016,1,27,17,38,µg/m³,1 Hr,Valid
Shanghai,PM2.5,1/27/2016 18:00,2016,1,27,18,33,µg/m³,1 Hr,Valid
Shanghai,PM2.5,1/27/2016 19:00,2016,1,27,19,36,µg/m³,1 Hr,Valid
Shanghai,PM2.5,1/27/2016 20:00,2016,1,27,20,39,µg/m³,1 Hr,Valid
Shanghai,PM2.5,1/27/2016 21:00,2016,1,27,21,27,µg/m³,1 Hr,Valid
Shanghai,PM2.5,1/27/2016 22:00,2016,1,27,22,24,µg/m³,1 Hr,Valid
Shanghai,PM2.5,1/27/2016 23:00,2016,1,27,23,22,µg/m³,1 Hr,Valid
Shanghai,PM2.5,1/28/2016 0:00,2016,1,28,0,20,µg/m³,1 Hr,Valid
Shanghai,PM2.5,1/28/2016 1:00,2016,1,28,1,24,µg/m³,1 Hr,Valid
Shanghai,PM2.5,1/28/2016 2:00,2016,1,28,2,22,µg/m³,1 Hr,Valid
Shanghai,PM2.5,1/28/2016 3:00,2016,1,28,3,28,µg/m³,1 Hr,Valid
Shanghai,PM2.5,1/28/2016 4:00,2016,1,28,4,24,µg/m³,1 Hr,Valid
Shanghai,PM2.5,1/28/2016 5:00,2016,1,28,5,22,µg/m³,1 Hr,Valid
Shanghai,PM2.5,1/28/2016 6:00,2016,1,28,6,21,µg/m³,1 Hr,Valid
Shanghai,PM2.5,1/28/2016 7:00,2016,1,28,7,26,µg/m³,1 Hr,Valid
Shanghai,PM2.5,1/28/2016 8:00,2016,1,28,8,33,µg/m³,1 Hr,Valid
Shanghai,PM2.5,1/28/2016 9:00,2016,1,28,9,35,µg/m³,1 Hr,Valid
Shanghai,PM2.5,1/28/2016 10:00,2016,1,28,10,45,µg/m³,1 Hr,Valid
Shanghai,PM2.5,1/28/2016 11:00,2016,1,28,11,31,µg/m³,1 Hr,Valid
Shanghai,PM2.5,1/28/2016 12:00,2016,1,28,12,28,µg/m³,1 Hr,Valid
Shanghai,PM2.5,1/28/2016 13:00,2016,1,28,13,30,µg/m³,1 Hr,Valid
Shanghai,PM2.5,1/28/2016 14:00,2016,1,28,14,34,µg/m³,1 Hr,Valid
Shanghai,PM2.5,1/28/2016 15:00,2016,1,28,15,25,µg/m³,1 Hr,Valid
Shanghai,PM2.5,1/28/2016 16:00,2016,1,28,16,30,µg/m³,1 Hr,Valid
Shanghai,PM2.5,1/28/2016 17:00,2016,1,28,17,34,µg/m³,1 Hr,Valid
Shanghai,PM2.5,1/28/2016 18:00,2016,1,28,18,31,µg/m³,1 Hr,Valid
Shanghai,PM2.5,1/28/2016 19:00,2016,1,28,19,24,µg/m³,1 Hr,Valid
Shanghai,PM2.5,1/28/2016 20:00,2016,1,28,20,28,µg/m³,1 Hr,Valid
Shanghai,PM2.5,1/28/2016 21:00,2016,1,28,21,23,µg/m³,1 Hr,Valid
Shanghai,PM2.5,1/28/2016 22:00,2016,1,28,22,24,µg/m³,1 Hr,Valid
Shanghai,PM2.5,1/28/2016 23:00,2016,1,28,23,19,µg/m³,1 Hr,Valid
Shanghai,PM2.5,1/29/2016 0:00,2016,1,29,0,15,µg/m³,1 Hr,Valid
Shanghai,PM2.5,1/29/2016 1:00,2016,1,29,1,10,µg/m³,1 Hr,Valid
Shanghai,PM2.5,1/29/2016 2:00,2016,1,29,2,12,µg/m³,1 Hr,Valid
Shanghai,PM2.5,1/29/2016 3:00,2016,1,29,3,14,µg/m³,1 Hr,Valid
Shanghai,PM2.5,1/29/2016 4:00,2016,1,29,4,17,µg/m³,1 Hr,Valid
Shanghai,PM2.5,1/29/2016 5:00,2016,1,29,5,14,µg/m³,1 Hr,Valid
Shanghai,PM2.5,1/29/2016 6:00,2016,1,29,6,14,µg/m³,1 Hr,Valid
Shanghai,PM2.5,1/29/2016 7:00,2016,1,29,7,18,µg/m³,1 Hr,Valid
Shanghai,PM2.5,1/29/2016 8:00,2016,1,29,8,19,µg/m³,1 Hr,Valid
Shanghai,PM2.5,1/29/2016 9:00,2016,1,29,9,28,µg/m³,1 Hr,Valid
Shanghai,PM2.5,1/29/2016 10:00,2016,1,29,10,32,µg/m³,1 Hr,Valid
Shanghai,PM2.5,1/29/2016 11:00,2016,1,29,11,29,µg/m³,1 Hr,Valid
Shanghai,PM2.5,1/29/2016 12:00,2016,1,29,12,32,µg/m³,1 Hr,Valid
Shanghai,PM2.5,1/29/2016 13:00,2016,1,29,13,28,µg/m³,1 Hr,Valid
Shanghai,PM2.5,1/29/2016 14:00,2016,1,29,14,29,µg/m³,1 Hr,Valid
Shanghai,PM2.5,1/29/2016 15:00,2016,1,29,15,30,µg/m³,1 Hr,Valid
Shanghai,PM2.5,1/29/2016 16:00,2016,1,29,16,30,µg/m³,1 Hr,Valid
Shanghai,PM2.5,1/29/2016 17:00,2016,1,29,17,38,µg/m³,1 Hr,Valid
Shanghai,PM2.5,1/29/2016 18:00,2016,1,29,18,43,µg/m³,1 Hr,Valid
Shanghai,PM2.5,1/29/2016 19:00,2016,1,29,19,48,µg/m³,1 Hr,Valid
Shanghai,PM2.5,1/29/2016 20:00,2016,1,29,20,45,µg/m³,1 Hr,Valid
Shanghai,PM2.5,1/29/2016 21:00,2016,1,29,21,51,µg/m³,1 Hr,Valid
Shanghai,PM2.5,1/29/2016 22:00,2016,1,29,22,62,µg/m³,1 Hr,Valid
Shanghai,PM2.5,1/29/2016 23:00,2016,1,29,23,69,µg/m³,1 Hr,Valid
Shanghai,PM2.5,1/30/2016 0:00,2016,1,30,0,65,µg/m³,1 Hr,Valid
Shanghai,PM2.5,1/30/2016 1:00,2016,1,30,1,54,µg/m³,1 Hr,Valid
Shanghai,PM2.5,1/30/2016 2:00,2016,1,30,2,45,µg/m³,1 Hr,Valid
Shanghai,PM2.5,1/30/2016 3:00,2016,1,30,3,40,µg/m³,1 Hr,Valid
Shanghai,PM2.5,1/30/2016 4:00,2016,1,30,4,34,µg/m³,1 Hr,Valid
Shanghai,PM2.5,1/30/2016 5:00,2016,1,30,5,34,µg/m³,1 Hr,Valid
Shanghai,PM2.5,1/30/2016 6:00,2016,1,30,6,31,µg/m³,1 Hr,Valid
Shanghai,PM2.5,1/30/2016 7:00,2016,1,30,7,22,µg/m³,1 Hr,Valid
Shanghai,PM2.5,1/30/2016 8:00,2016,1,30,8,24,µg/m³,1 Hr,Valid
Shanghai,PM2.5,1/30/2016 9:00,2016,1,30,9,27,µg/m³,1 Hr,Valid
Shanghai,PM2.5,1/30/2016 10:00,2016,1,30,10,29,µg/m³,1 Hr,Valid
Shanghai,PM2.5,1/30/2016 11:00,2016,1,30,11,32,µg/m³,1 Hr,Valid
Shanghai,PM2.5,1/30/2016 12:00,2016,1,30,12,32,µg/m³,1 Hr,Valid
Shanghai,PM2.5,1/30/2016 13:00,2016,1,30,13,32,µg/m³,1 Hr,Valid
Shanghai,PM2.5,1/30/2016 14:00,2016,1,30,14,32,µg/m³,1 Hr,Valid
Shanghai,PM2.5,1/30/2016 15:00,2016,1,30,15,28,µg/m³,1 Hr,Valid
Shanghai,PM2.5,1/30/2016 16:00,2016,1,30,16,34,µg/m³,1 Hr,Valid
Shanghai,PM2.5,1/30/2016 17:00,2016,1,30,17,37,µg/m³,1 Hr,Valid
Shanghai,PM2.5,1/30/2016 18:00,2016,1,30,18,42,µg/m³,1 Hr,Valid
Shanghai,PM2.5,1/30/2016 19:00,2016,1,30,19,49,µg/m³,1 Hr,Valid
Shanghai,PM2.5,1/30/2016 20:00,2016,1,30,20,54,µg/m³,1 Hr,Valid
Shanghai,PM2.5,1/30/2016 21:00,2016,1,30,21,54,µg/m³,1 Hr,Valid
Shanghai,PM2.5,1/30/2016 22:00,2016,1,30,22,59,µg/m³,1 Hr,Valid
Shanghai,PM2.5,1/30/2016 23:00,2016,1,30,23,54,µg/m³,1 Hr,Valid
Shanghai,PM2.5,1/31/2016 0:00,2016,1,31,0,54,µg/m³,1 Hr,Valid
Shanghai,PM2.5,1/31/2016 1:00,2016,1,31,1,61,µg/m³,1 Hr,Valid
Shanghai,PM2.5,1/31/2016 2:00,2016,1,31,2,64,µg/m³,1 Hr,Valid
Shanghai,PM2.5,1/31/2016 3:00,2016,1,31,3,65,µg/m³,1 Hr,Valid
Shanghai,PM2.5,1/31/2016 4:00,2016,1,31,4,64,µg/m³,1 Hr,Valid
Shanghai,PM2.5,1/31/2016 5:00,2016,1,31,5,62,µg/m³,1 Hr,Valid
Shanghai,PM2.5,1/31/2016 6:00,2016,1,31,6,66,µg/m³,1 Hr,Valid
Shanghai,PM2.5,1/31/2016 7:00,2016,1,31,7,56,µg/m³,1 Hr,Valid
Shanghai,PM2.5,1/31/2016 8:00,2016,1,31,8,59,µg/m³,1 Hr,Valid
Shanghai,PM2.5,1/31/2016 9:00,2016,1,31,9,59,µg/m³,1 Hr,Valid
Shanghai,PM2.5,1/31/2016 10:00,2016,1,31,10,59,µg/m³,1 Hr,Valid
Shanghai,PM2.5,1/31/2016 11:00,2016,1,31,11,67,µg/m³,1 Hr,Valid
Shanghai,PM2.5,1/31/2016 12:00,2016,1,31,12,64,µg/m³,1 Hr,Valid
Shanghai,PM2.5,1/31/2016 13:00,2016,1,31,13,63,µg/m³,1 Hr,Valid
Shanghai,PM2.5,1/31/2016 14:00,2016,1,31,14,61,µg/m³,1 Hr,Valid
Shanghai,PM2.5,1/31/2016 15:00,2016,1,31,15,69,µg/m³,1 Hr,Valid
Shanghai,PM2.5,1/31/2016 16:00,2016,1,31,16,74,µg/m³,1 Hr,Valid
Shanghai,PM2.5,1/31/2016 17:00,2016,1,31,17,73,µg/m³,1 Hr,Valid
Shanghai,PM2.5,1/31/2016 18:00,2016,1,31,18,66,µg/m³,1 Hr,Valid
Shanghai,PM2.5,1/31/2016 19:00,2016,1,31,19,65,µg/m³,1 Hr,Valid
Shanghai,PM2.5,1/31/2016 20:00,2016,1,31,20,52,µg/m³,1 Hr,Valid
Shanghai,PM2.5,1/31/2016 21:00,2016,1,31,21,48,µg/m³,1 Hr,Valid
Shanghai,PM2.5,1/31/2016 22:00,2016,1,31,22,39,µg/m³,1 Hr,Valid
Shanghai,PM2.5,1/31/2016 23:00,2016,1,31,23,42,µg/m³,1 Hr,Valid
